actor_sha256,canonical,checkpoint_id,duplicate_of,epoch,kind,path,sha256,size_bytes,train_seed,training_reward,actor_rms_sha256,critic_sha256,observation_rms_sha256
4a917d9f5ff41bd59f10ce964cb8838ef529600c117fff94e9c2d576cefe1b77,True,seed42_periodic_ep10_fa5053ab69d5,,10,periodic,/home/j/Isaac_RL_Projects/quadcopter_waypoint/logs/rl_games/actor_preserving_formal_lambda50/seed42/nn/last_actor_preserving_formal_lambda50_ep_10_rew_57.39093.pth,fa5053ab69d58232da28cd576e24ac9944bb46274fe35d4bcc2a5c6d5c124d9a,134150,42,57.39093,66156a49912f656e29c6bd8bdea0a68018ebac336aa8dbfb9cacfbf3bdccd230,fcb1ded7f099ff95600949c57960c367cb716fedc3281194fabe0f777e515c57,7aa08af9f501e50f41452eae8eb99ad818c4bad7508a2cc864d4cfff2a05d4f3
9a90e97ecfec924f6e4e2e32bb582d7782c49d078d56f104f832e5dd818ff7b9,True,seed42_periodic_ep20_e25cdc7b03f2,,20,periodic,/home/j/Isaac_RL_Projects/quadcopter_waypoint/logs/rl_games/actor_preserving_formal_lambda50/seed42/nn/last_actor_preserving_formal_lambda50_ep_20_rew_58.32651.pth,e25cdc7b03f2eeb90fd66a5c39f89830085caab30e86d89fe63e556a41bf2dbb,187707,42,58.32651,c9516224eab2d5f1557ded069a1716c538d21f09a587c7b3dc156313b384bc51,47d261a46ab93b9a994055bdfb510705178c78aa10158173e4a72d48dcf6f902,7aa08af9f501e50f41452eae8eb99ad818c4bad7508a2cc864d4cfff2a05d4f3
b178dd3019eac9a6b3530f9290ffdab5d45b7c8f3c0a9eedf3f42a1af02ce58a,True,seed42_periodic_ep30_ce70d106a99e,,30,periodic,/home/j/Isaac_RL_Projects/quadcopter_waypoint/logs/rl_games/actor_preserving_formal_lambda50/seed42/nn/last_actor_preserving_formal_lambda50_ep_30_rew_57.965107.pth,ce70d106a99e75bd46d967d9609dbd7ad040cd0b8277173f799d617d7065a992,187969,42,57.965107,6ebb6341c3b148585dc9213eae36a249e1e0c67b15b619867763ee69f146ca0c,d4b775c664a452d0992de7e7712d6cfed1b8f9f0dd8dddd5796aefa56aa23617,7aa08af9f501e50f41452eae8eb99ad818c4bad7508a2cc864d4cfff2a05d4f3
0e1423e18c21811488ab9e7fbb414915ea2f55b394e39ea11d1df854aa2f3481,True,seed42_periodic_ep40_71668f073a4e,,40,periodic,/home/j/Isaac_RL_Projects/quadcopter_waypoint/logs/rl_games/actor_preserving_formal_lambda50/seed42/nn/last_actor_preserving_formal_lambda50_ep_40_rew_63.006054.pth,71668f073a4eff9448b6471b1a47412bc3ffa07b341367c054b9f1feaeb55979,187969,42,63.006054,a5d5c1bfa7f60afb5d30fa5777a22061fe8c2fd1e2443f96c9b2a46547e13e55,39d188581abfc3151b082008d025ff7f4e7fa81b0fe95d352726b6c240aef3f9,7aa08af9f501e50f41452eae8eb99ad818c4bad7508a2cc864d4cfff2a05d4f3
d10a07e0f6ae8c1f706125dce967c7a55d42102fbbaffea4fa58736742240db7,True,seed42_periodic_ep50_68c397b5c35d,,50,periodic,/home/j/Isaac_RL_Projects/quadcopter_waypoint/logs/rl_games/actor_preserving_formal_lambda50/seed42/nn/last_actor_preserving_formal_lambda50_ep_50_rew_60.25123.pth,68c397b5c35d34989fdbeb9f0d1c90c10e741a6cb8b279d29f5f10b4ab969606,187899,42,60.25123,217c9eac3be5a74446c70cc9d3a550793fa2d414c9a2416aa327e10499161d73,cdc0cfad0d47f850ad2e8a1e2169fc7ed5be5b03e50018e225d7907b75c52d83,7aa08af9f501e50f41452eae8eb99ad818c4bad7508a2cc864d4cfff2a05d4f3
ed13f60a2e035fdeca7d2b13632dc90f443ba06f792b840e5ed212ebf4b54c83,True,seed42_periodic_ep60_335210e3ffd0,,60,periodic,/home/j/Isaac_RL_Projects/quadcopter_waypoint/logs/rl_games/actor_preserving_formal_lambda50/seed42/nn/last_actor_preserving_formal_lambda50_ep_60_rew_48.526627.pth,335210e3ffd0f0d1f30d156ef75188b6899708d8a607f0b5d39d502cc500e944,187969,42,48.526627,44eda48d2c3f84170378e7bc89cc6df3ed9e86e0759fc0aa0c5e5c0cf81e165e,6f673c65f0244d3423291037cb882796f5081a685d3cec8c560bd300f15ca745,7aa08af9f501e50f41452eae8eb99ad818c4bad7508a2cc864d4cfff2a05d4f3
d7d169bf472bc6703abf33669b60fd3025e888ae42bc88239bc9b65920177410,True,seed42_periodic_ep70_d7ad9dad7f29,,70,periodic,/home/j/Isaac_RL_Projects/quadcopter_waypoint/logs/rl_games/actor_preserving_formal_lambda50/seed42/nn/last_actor_preserving_formal_lambda50_ep_70_rew_61.90139.pth,d7ad9dad7f29020a65f75372b4c6986587041823f997047e3e8d55c941720c1c,187899,42,61.90139,8c51246ed8f480f1ef49ef12c747efd1c58f07f019ece2afc1806e7faf5f2d66,65c6d672a8878779637299666ed9823e8f96a0b08b0fd93f02c0d40485d950f5,7aa08af9f501e50f41452eae8eb99ad818c4bad7508a2cc864d4cfff2a05d4f3
d7cc72d0dcc8e6c72dee84be8338575ab5a70394e1f0f6c98f6f46627be3526d,True,seed42_periodic_ep80_bc113c55e8ec,,80,periodic,/home/j/Isaac_RL_Projects/quadcopter_waypoint/logs/rl_games/actor_preserving_formal_lambda50/seed42/nn/last_actor_preserving_formal_lambda50_ep_80_rew_56.372707.pth,bc113c55e8ece15f6c248cb21b926ed8a2d1a09e2f6ef09f1a5a7fadeaa8d9b7,187969,42,56.372707,431b29865c8bfccd1f248a1cc15c9cda1a7d239738212ec158dc936cae509fc0,b6f064c5bb0e76cb513e4fa6b69980e53614efafe2f4c3e0d010613ff3a2757d,7aa08af9f501e50f41452eae8eb99ad818c4bad7508a2cc864d4cfff2a05d4f3
02bebf20aa9e9ba9448e2da6f82a0fe8247aa26b001c9672a491b9fe3677666b,True,seed42_periodic_ep90_8370469d0490,,90,periodic,/home/j/Isaac_RL_Projects/quadcopter_waypoint/logs/rl_games/actor_preserving_formal_lambda50/seed42/nn/last_actor_preserving_formal_lambda50_ep_90_rew_69.57126.pth,8370469d0490749d6c13d4469dfa61ea12f15e108fecf1b1a532b225ef6e54d6,187899,42,69.57126,403476854cee8688d4a11f6a63faa659491b0820b9cf20d2c2b99065259bffa8,cb8c480ae213d53369a2b330b46b31effe86988faca1bb092943194feb09eb73,7aa08af9f501e50f41452eae8eb99ad818c4bad7508a2cc864d4cfff2a05d4f3
b50ad5ea3dfb826a2e585f3c85f694d8b6c0c18a03c1e8a10b98869661efa93f,True,seed42_reward_selected_ep91_82679de01f60,,91,reward_selected,/home/j/Isaac_RL_Projects/quadcopter_waypoint/logs/rl_games/actor_preserving_formal_lambda50/seed42/nn/actor_preserving_formal_lambda50.pth,82679de01f6077d9dd6a42e474588d6665333bf74e2df43ead9b29904d17aa0a,186027,42,70.35635375976562,3a3a5c720929e6bb17e785e680be5b396d82ee5c5ec8a970075a34339ed20af2,0a01de3a8c78b2c8766fbdbb5e9d7e00de409612d5af9ab8890354aca68849bb,7aa08af9f501e50f41452eae8eb99ad818c4bad7508a2cc864d4cfff2a05d4f3
f5b993bd93b8b01f693a52e3949afd49190534ed625e07daf7a7b1b57f089ff3,True,seed42_periodic_ep100_d4af1f214d2e,,100,periodic,/home/j/Isaac_RL_Projects/quadcopter_waypoint/logs/rl_games/actor_preserving_formal_lambda50/seed42/nn/last_actor_preserving_formal_lambda50_ep_100_rew_65.66894.pth,d4af1f214d2e5d4662543af9bd65ae4d0149527acb66625a0ea8652cd2e3897b,187969,42,65.66894,3e4e0a13bb1610edd7eeead89ebc8e806f132124520acd69b84bc712c475ad9e,2af04c27d867dc0d1738feb67bb38401e36bc5ae44bd0b2d726a1c1650d6d588,7aa08af9f501e50f41452eae8eb99ad818c4bad7508a2cc864d4cfff2a05d4f3
4c64d23dc55be7d563636ebf76b0246a2cbe87e081b51b5bb547e3c59c48afa6,True,seed42_periodic_ep110_31a84642c28d,,110,periodic,/home/j/Isaac_RL_Projects/quadcopter_waypoint/logs/rl_games/actor_preserving_formal_lambda50/seed42/nn/last_actor_preserving_formal_lambda50_ep_110_rew_59.356533.pth,31a84642c28db2479d44ec4481df5ae07b32244ffe6e9abce90b0c262a4480a6,188039,42,59.356533,439064d5262c9568ad50917131d873c16b56723779293168c65aea6f77a4622f,fec906f13b53f6b35d6e8c24cee48376576fff9f3a7e1595f5b50922810f6a8e,7aa08af9f501e50f41452eae8eb99ad818c4bad7508a2cc864d4cfff2a05d4f3
284cd3bc29c093fab6bc2707c1c09affc61dc532bdf191fd6b59c9095233667b,True,seed42_periodic_ep120_96271bda5edb,,120,periodic,/home/j/Isaac_RL_Projects/quadcopter_waypoint/logs/rl_games/actor_preserving_formal_lambda50/seed42/nn/last_actor_preserving_formal_lambda50_ep_120_rew_50.999393.pth,96271bda5edb80020593c76a5035f77caa2f319c2797cb7a24b138acc10054b5,188039,42,50.999393,15b55624cc3276a1b0dcc747a256b02182a437861791fd6d1baf3877dd2240c2,96dab3076a6f8d67bb991b586542265491694788538d003797ff11ffff097573,7aa08af9f501e50f41452eae8eb99ad818c4bad7508a2cc864d4cfff2a05d4f3
66cf4e1587937ee8c3a819da73c366ac26c8cab8ff439237517d2b87f4774cac,True,seed42_periodic_ep130_a11e9aab4ab4,,130,periodic,/home/j/Isaac_RL_Projects/quadcopter_waypoint/logs/rl_games/actor_preserving_formal_lambda50/seed42/nn/last_actor_preserving_formal_lambda50_ep_130_rew_57.919983.pth,a11e9aab4ab4ffc17aafa2799d3ba59d908f7cdee6480c9efc10477fe9fc9f01,188039,42,57.919983,bf5e9cb42beba10cd64ddb18f8af85294f820afde9986cd3b316a02cd36c8c04,ad25446ac5cb844f924840fe6cb3e35e4210f2374e653a1cffb639925d58c0c2,7aa08af9f501e50f41452eae8eb99ad818c4bad7508a2cc864d4cfff2a05d4f3
63d7586167d2758a4c1fc98e78a3e32859ae6b9519b47b1e5a94f39c42015233,True,seed42_periodic_ep140_5ba359c39111,,140,periodic,/home/j/Isaac_RL_Projects/quadcopter_waypoint/logs/rl_games/actor_preserving_formal_lambda50/seed42/nn/last_actor_preserving_formal_lambda50_ep_140_rew_64.095795.pth,5ba359c39111dc35a92f2776e0508f0c5f71f95d3cacd453b10011cac7aa1e2a,188039,42,64.095795,bf9b852a0e73de70205b21785005aaf66b37277526d9cd3ae4c3533954fecdcd,b66b857e5c1b6169b42c722f118b8009202a5839084101d61ae6a82e9bbd4d5c,7aa08af9f501e50f41452eae8eb99ad818c4bad7508a2cc864d4cfff2a05d4f3
ef1321415821e2a3722943f9ca5da13611f4742710bb8bbfad3f99ba09689644,True,seed42_periodic_ep150_7ccd1befe0d1,,150,periodic,/home/j/Isaac_RL_Projects/quadcopter_waypoint/logs/rl_games/actor_preserving_formal_lambda50/seed42/nn/last_actor_preserving_formal_lambda50_ep_150_rew_53.69874.pth,7ccd1befe0d1810f59d4a3ea3235143c716eaa508bdbf9c1413d385056106710,187969,42,53.69874,f79643df43edc95d565666cced166a5cbc3f625ec9e9a73ce7cac50a2ce2ba25,153119b848ed86061dfd8ff9a32a0209dc92c8d5500c52f04e3a0ae2924d4206,7aa08af9f501e50f41452eae8eb99ad818c4bad7508a2cc864d4cfff2a05d4f3
dfd190b7f76f66fe924994774feb8e745a93e1ab5d00a186d87eaeb46e4fd5d9,True,seed42_periodic_ep160_c9e1bb6c837c,,160,periodic,/home/j/Isaac_RL_Projects/quadcopter_waypoint/logs/rl_games/actor_preserving_formal_lambda50/seed42/nn/last_actor_preserving_formal_lambda50_ep_160_rew_37.546185.pth,c9e1bb6c837cb872627b66807ccb4527484b918e285f6bea0152c17a3b817c75,188039,42,37.546185,66569368a95071ecd24d1685c78edb25d7e0a3e45b8b7629bb41264ca5b20719,1b94cba4da1c5dd738c97f582609cb6b7094282085264f7adef45ace53d0da2a,7aa08af9f501e50f41452eae8eb99ad818c4bad7508a2cc864d4cfff2a05d4f3
a35582e0aac5ebc7a6cb0fe3c83f3fff84b1fd8db1fd5f623c921a0b86aa105c,True,seed42_periodic_ep170_176321639a0e,,170,periodic,/home/j/Isaac_RL_Projects/quadcopter_waypoint/logs/rl_games/actor_preserving_formal_lambda50/seed42/nn/last_actor_preserving_formal_lambda50_ep_170_rew_55.58098.pth,176321639a0ede6cf76ffc45bc812ff42691509af9f7431995f1d9a1f7cbc6c3,187969,42,55.58098,4875795ebb61cb7f12751920a1a80923bdb2cdbe80af959a3f3a099d6039ca21,e188a1ba54d8c6d286e568973b307fa470c7bf7f8aa7299b1527fe5a3ee47fbd,7aa08af9f501e50f41452eae8eb99ad818c4bad7508a2cc864d4cfff2a05d4f3
5df43bfb950f032b867530368b361de264712c4938c791d385d762d4639a9533,True,seed42_periodic_ep180_56ccf1413824,,180,periodic,/home/j/Isaac_RL_Projects/quadcopter_waypoint/logs/rl_games/actor_preserving_formal_lambda50/seed42/nn/last_actor_preserving_formal_lambda50_ep_180_rew_55.92483.pth,56ccf1413824caa6ac6df0b9d248cd415d209fc67c07415aea72517f868d7dd4,187969,42,55.92483,1d4ec042a0be395b2e7b3c294f9f68ff68b1dae699318fdfdc6a76a9b9eb2ef6,4ba77ce85723918d14cce76fbc4fba87fcaf02525f744a8ff9d2853e45125198,7aa08af9f501e50f41452eae8eb99ad818c4bad7508a2cc864d4cfff2a05d4f3
b8ec997fce8c95deda2f4f074da4b5b19e5f9f0ed572f0c287dd9d2df4ab7c91,True,seed42_periodic_ep190_367072e424ce,,190,periodic,/home/j/Isaac_RL_Projects/quadcopter_waypoint/logs/rl_games/actor_preserving_formal_lambda50/seed42/nn/last_actor_preserving_formal_lambda50_ep_190_rew_60.192688.pth,367072e424cecae532ef69c8cf445f1aecd534352a3325a27e220a6db6f5bb63,188039,42,60.192688,e39494739db4b36ac2356b731091e3f03f8113795e8224d2b1a58706f59e883f,290d98bd6163a00f41a4c31c4f970abe68167ddee5d3760e74f62144d79709f8,7aa08af9f501e50f41452eae8eb99ad818c4bad7508a2cc864d4cfff2a05d4f3
d82ce783263ccb8784b36dbefea1b27a276cf8d28d390267f81b507411145ef2,True,seed42_periodic_ep200_6f17b77536a9,,200,periodic,/home/j/Isaac_RL_Projects/quadcopter_waypoint/logs/rl_games/actor_preserving_formal_lambda50/seed42/nn/last_actor_preserving_formal_lambda50_ep_200_rew_60.280838.pth,6f17b77536a9baea41f2cd8054d57848febc5a72796b70b676c6c7ad3fc88804,188039,42,60.280838,d73cbdf7721f9275b5e957c871eb37d5fe40f97f76509c278fb55288b1d7822b,36cfa20c0480cfb48718c321f8880dffc7363b1289b3ee89fc5389a95698a77b,7aa08af9f501e50f41452eae8eb99ad818c4bad7508a2cc864d4cfff2a05d4f3
d82ce783263ccb8784b36dbefea1b27a276cf8d28d390267f81b507411145ef2,False,seed42_periodic_ep200_1a35aee11860,/home/j/Isaac_RL_Projects/quadcopter_waypoint/logs/rl_games/actor_preserving_formal_lambda50/seed42/nn/last_actor_preserving_formal_lambda50_ep_200_rew_60.280838.pth,200,periodic,/home/j/Isaac_RL_Projects/quadcopter_waypoint/logs/rl_games/actor_preserving_formal_lambda50/seed42/nn/last_actor_preserving_formal_lambda50_ep_200_rew__60.280838_.pth,1a35aee118602625855ba58552b325d2f4df037703d837b51793b67e17cec8b0,188179,42,60.280838,d73cbdf7721f9275b5e957c871eb37d5fe40f97f76509c278fb55288b1d7822b,36cfa20c0480cfb48718c321f8880dffc7363b1289b3ee89fc5389a95698a77b,7aa08af9f501e50f41452eae8eb99ad818c4bad7508a2cc864d4cfff2a05d4f3
4a917d9f5ff41bd59f10ce964cb8838ef529600c117fff94e9c2d576cefe1b77,True,seed43_periodic_ep10_21d7d3ea13c0,,10,periodic,/home/j/Isaac_RL_Projects/quadcopter_waypoint/logs/rl_games/actor_preserving_formal_lambda50/seed43/nn/last_actor_preserving_formal_lambda50_ep_10_rew_47.311287.pth,21d7d3ea13c09cccdc479a1bbec7e0f0a4ca2df802a1802bbe656a7e531dbcce,134199,43,47.311287,66156a49912f656e29c6bd8bdea0a68018ebac336aa8dbfb9cacfbf3bdccd230,af7096bb09777360ca3fb70d0e9161b273f48448733dde5350ca6031f412c553,7aa08af9f501e50f41452eae8eb99ad818c4bad7508a2cc864d4cfff2a05d4f3
ca622e4852639dd95d30a9657630f91fee352e0251e8c9677318d2363df6e661,True,seed43_periodic_ep20_81a24876d137,,20,periodic,/home/j/Isaac_RL_Projects/quadcopter_waypoint/logs/rl_games/actor_preserving_formal_lambda50/seed43/nn/last_actor_preserving_formal_lambda50_ep_20_rew_61.147453.pth,81a24876d1378632152003d245af3015494c993a3525878d858c2d24a59461ef,187777,43,61.147453,98180b37cebe6953bf56ba053176232579d174cce614da6323a924932e461075,4de0ab44459a8d0a0d7cfede5b003fd49488a4ec694082ab481db7d5a7468b56,7aa08af9f501e50f41452eae8eb99ad818c4bad7508a2cc864d4cfff2a05d4f3
102247969730cb93b207a8b80b9585c95f93342d05e11419943994fe0059b630,True,seed43_periodic_ep30_6dedf416fe82,,30,periodic,/home/j/Isaac_RL_Projects/quadcopter_waypoint/logs/rl_games/actor_preserving_formal_lambda50/seed43/nn/last_actor_preserving_formal_lambda50_ep_30_rew_63.345257.pth,6dedf416fe82f99a85f294fc12fc722f4eeeadc675176adcb8a5deae22fac417,187969,43,63.345257,2da089ad28ded0ee1695667b20e88c4c5983d3f2c3663de9c3e868dbb2e240c9,0c441f55636885dc3444088606e3bae77edd65e32cc1782767701ddeac8957f5,7aa08af9f501e50f41452eae8eb99ad818c4bad7508a2cc864d4cfff2a05d4f3
a0775b0c72c07af38b331b6b04756b11364d0692c7357158eaf69f84105403cd,True,seed43_periodic_ep40_6ff18b9e36cc,,40,periodic,/home/j/Isaac_RL_Projects/quadcopter_waypoint/logs/rl_games/actor_preserving_formal_lambda50/seed43/nn/last_actor_preserving_formal_lambda50_ep_40_rew_60.870495.pth,6ff18b9e36cc837a8e4e3c2df11d4e504d163546128c9af49b209ab3cabb48fa,187969,43,60.870495,00caede5db8737bec0fb833c284ddc9cee9f0d91e4eccf8748db19ee142518c1,606c4492ee9d09a9c299a02bc8ec80e44b499872bb107341ba7733095c1f399d,7aa08af9f501e50f41452eae8eb99ad818c4bad7508a2cc864d4cfff2a05d4f3
b17cb0f89fbe8b851e6310db808e4227218084fb94f447fa321a86dd632a5d7e,True,seed43_periodic_ep50_30c4075fee81,,50,periodic,/home/j/Isaac_RL_Projects/quadcopter_waypoint/logs/rl_games/actor_preserving_formal_lambda50/seed43/nn/last_actor_preserving_formal_lambda50_ep_50_rew_53.176975.pth,30c4075fee81b1000127da3e4a5ee2a96082bf8e8b6a154e988eacd80c58080b,187969,43,53.176975,413c0b8a8575d3c4565ccc862c3f8b5692360363e8eb68b7b20d69584d4f0253,e8bf911179bd9190b0e6c950601bdf1b1a1497537931adfde1ac973ab64fe28b,7aa08af9f501e50f41452eae8eb99ad818c4bad7508a2cc864d4cfff2a05d4f3
595b8e7398bb5e03132a917c3c74c23d3386fbe34a36caf7d336654b0005a135,True,seed43_periodic_ep60_cdd00b5d0fa7,,60,periodic,/home/j/Isaac_RL_Projects/quadcopter_waypoint/logs/rl_games/actor_preserving_formal_lambda50/seed43/nn/last_actor_preserving_formal_lambda50_ep_60_rew_53.738792.pth,cdd00b5d0fa7e8bd65ceec2baf0d171adf26fc5a3958535aaf5dac9bed7c209a,187969,43,53.738792,8f1e8e7d64c6fca9bf5cca885819c3dd38fbf86885094abb4c80b75a51c89e09,49a511c6aa50c13e0c3a2ddf10fd25008b4b54c56f29bc9da76904191c06145a,7aa08af9f501e50f41452eae8eb99ad818c4bad7508a2cc864d4cfff2a05d4f3
6945238e0eb31c5f20d9725df18cbb2b3167f9454ca311164fc5dc87c88df436,True,seed43_periodic_ep70_6b383296c747,,70,periodic,/home/j/Isaac_RL_Projects/quadcopter_waypoint/logs/rl_games/actor_preserving_formal_lambda50/seed43/nn/last_actor_preserving_formal_lambda50_ep_70_rew_63.418964.pth,6b383296c7471988fa5f2d041d89b98ac43ed724958ed4eca06f25256226b76d,187969,43,63.418964,28850991c69f44d4efe10a0c7ddc47ac66db84a4c48e4cc8b6b57198eed06b09,d47ef72202da7d9184e372a76ff7ad2eb89c07180b072e04aaf481d1e125aa0b,7aa08af9f501e50f41452eae8eb99ad818c4bad7508a2cc864d4cfff2a05d4f3
3db2d6872605c3637cdb0b5a8a8e21f40b894c691a9759da8e3dc750dc2a34e4,True,seed43_periodic_ep80_dbedb463cb85,,80,periodic,/home/j/Isaac_RL_Projects/quadcopter_waypoint/logs/rl_games/actor_preserving_formal_lambda50/seed43/nn/last_actor_preserving_formal_lambda50_ep_80_rew_64.63422.pth,dbedb463cb8510f08f2c04502b18c974f61f0ba4ce3613ea6a69baf2a9a6bdd5,187899,43,64.63422,adbe1667cda68f7d55d09ffbb3d34c3e473c133c12e4eeb5b0e132ccef204070,20e18bb0a6559548a5ad0eec7c757a8b9ca3d1d138317d91b99ee7e2064a3850,7aa08af9f501e50f41452eae8eb99ad818c4bad7508a2cc864d4cfff2a05d4f3
85b7563eadf92aeb91c03c41c18bd1582501d93627f732eac2700fd4ca748729,True,seed43_periodic_ep90_7376cb28c4c5,,90,periodic,/home/j/Isaac_RL_Projects/quadcopter_waypoint/logs/rl_games/actor_preserving_formal_lambda50/seed43/nn/last_actor_preserving_formal_lambda50_ep_90_rew_59.738617.pth,7376cb28c4c5d4637638eaded97b034e5d96b7992e82b12f00eb4039eb8386b5,187969,43,59.738617,584a26e6ba9703ce550dbb4f86c9dc6db21a5f878a8ef4cc25cc4da4ec5b2b53,d82d09fe374e3f09354a9485cd14b6e1f1c789c90fb390df6cbe4ef8e627dc8e,7aa08af9f501e50f41452eae8eb99ad818c4bad7508a2cc864d4cfff2a05d4f3
59cea192ccbd87a16c11f05dcafce17f11a4c42e709aa7817d281064e4e2482a,True,seed43_periodic_ep100_1ab82008d1f6,,100,periodic,/home/j/Isaac_RL_Projects/quadcopter_waypoint/logs/rl_games/actor_preserving_formal_lambda50/seed43/nn/last_actor_preserving_formal_lambda50_ep_100_rew_42.883953.pth,1ab82008d1f634b94206aca9f68ad716636e4c7fc21d862ab79eda28285f4b7a,188039,43,42.883953,7f5c97f8a403fca31511f43e73dd78d1f5902e5fc57c675cb0d62a76135ad571,0005b8587cfbdcbcf63da5f99e94b6c9a3f4dcaab6e74275426e1cc5cde089ba,7aa08af9f501e50f41452eae8eb99ad818c4bad7508a2cc864d4cfff2a05d4f3
9ca4fba1afb3c11590bdff050ecf9724e55196bb9eaf8cb8f90c472579f9f44b,True,seed43_periodic_ep110_c960cf1e0afb,,110,periodic,/home/j/Isaac_RL_Projects/quadcopter_waypoint/logs/rl_games/actor_preserving_formal_lambda50/seed43/nn/last_actor_preserving_formal_lambda50_ep_110_rew_49.764717.pth,c960cf1e0afbb9b3c18cf9c2357aef6d479f69f868f32b8c8b84643bb374c62e,188039,43,49.764717,2d471e4ad11f4aa8007554e15df42c859a3d4d129d8040a29cf8bc6208c8efe4,fa33fc7e025071612f63e267cedbef445844a14fcf9c1078d7972da69dbfba3d,7aa08af9f501e50f41452eae8eb99ad818c4bad7508a2cc864d4cfff2a05d4f3
36080008289c81dc7a75ee5cd501c3aef5baa6cfd6e737fdddbaeee655583341,True,seed43_periodic_ep120_18fce37875fd,,120,periodic,/home/j/Isaac_RL_Projects/quadcopter_waypoint/logs/rl_games/actor_preserving_formal_lambda50/seed43/nn/last_actor_preserving_formal_lambda50_ep_120_rew_59.984028.pth,18fce37875fd9548060aac7299335f6eba9de662c1c34810ac92989907f44525,188039,43,59.984028,79cb24a0243ba911eb7ded230e027682eafd158b2dc5472c8d53a921c6580d47,3c42b56e099fbf7d353cccdb42dab0fdd15663fb3e2889f27ef84504769755e2,7aa08af9f501e50f41452eae8eb99ad818c4bad7508a2cc864d4cfff2a05d4f3
285efb9b5cb78a6e22ee45410cec0941f4724d150885b6ab1b24f033bc7e2481,True,seed43_reward_selected_ep128_4202453317c5,,128,reward_selected,/home/j/Isaac_RL_Projects/quadcopter_waypoint/logs/rl_games/actor_preserving_formal_lambda50/seed43/nn/actor_preserving_formal_lambda50.pth,4202453317c5059d5b784f654d16c7e48e1c84336382dc57549230ac788001ef,186027,43,64.90492248535156,e7e2ddf85bcd1231b9c806e16ca8025083883f094cea5eba537536d546a9a975,0a89a43715c44ea811d8314a9012c88603e7fd7a9138d740075b4f2ae93e769a,7aa08af9f501e50f41452eae8eb99ad818c4bad7508a2cc864d4cfff2a05d4f3
514c4de75726b744e24f5f7750d555e36da42d3b4b1d08dc6b9e36c06f1ea10a,True,seed43_periodic_ep130_49027bc79f96,,130,periodic,/home/j/Isaac_RL_Projects/quadcopter_waypoint/logs/rl_games/actor_preserving_formal_lambda50/seed43/nn/last_actor_preserving_formal_lambda50_ep_130_rew_61.391838.pth,49027bc79f96f04021182b621872af46ee54fe90bdf5c32225222f4c795c9781,188039,43,61.391838,6651574bd5bb294644e10cae7cb2bd6a63b0e43ae4457b906cc160f7c586232d,9acc5ec8aab1564959f411f1e6add8d771ccc25a9c1854dbc73e321dba2b484e,7aa08af9f501e50f41452eae8eb99ad818c4bad7508a2cc864d4cfff2a05d4f3
a3e9309bf4e2d417653f5370e5943211fd4e0b8b864c1255544e9222bfc5b5d4,True,seed43_periodic_ep140_b2134aaf6199,,140,periodic,/home/j/Isaac_RL_Projects/quadcopter_waypoint/logs/rl_games/actor_preserving_formal_lambda50/seed43/nn/last_actor_preserving_formal_lambda50_ep_140_rew_59.91663.pth,b2134aaf6199b57c3a5936cb05fd8dcf4128811ca110bb085a83a03357101b36,187969,43,59.91663,0612e91cd4c99fdf193cd8e3d217848bfd599f5116d8776167fc3c80b36b2d29,8f816f05cafce8b034a0d40faef55906d6dd1981543295577db4087bd02ba60f,7aa08af9f501e50f41452eae8eb99ad818c4bad7508a2cc864d4cfff2a05d4f3
c28e9d1cfdf6227d17ba0d0ecaa9d9894dec2eac4ea00346a9876edab44bf817,True,seed43_periodic_ep150_08ebc952736f,,150,periodic,/home/j/Isaac_RL_Projects/quadcopter_waypoint/logs/rl_games/actor_preserving_formal_lambda50/seed43/nn/last_actor_preserving_formal_lambda50_ep_150_rew_58.704094.pth,08ebc952736f602d5ef040cc56e9cd79e939d95801d5306b54c63af39c9aaa6f,188039,43,58.704094,992c2432200eff0502f487117f980dc3e062d8e73a55b5e94836ca1405a6d666,5eff24a5c2bec3b312999d1c4d0766292eb5da0cc7cdf60f03be5b8a0f4f5cf8,7aa08af9f501e50f41452eae8eb99ad818c4bad7508a2cc864d4cfff2a05d4f3
fd29516953a268569621ee014cf15228d6f04ba874200fe31e6f40e379fcdf4d,True,seed43_periodic_ep160_fe17982415dc,,160,periodic,/home/j/Isaac_RL_Projects/quadcopter_waypoint/logs/rl_games/actor_preserving_formal_lambda50/seed43/nn/last_actor_preserving_formal_lambda50_ep_160_rew_60.685772.pth,fe17982415dc419061ae32ba6bbabbd6b580049e70340454da0de9c9f988c620,188039,43,60.685772,3d9cca3783d2d913ff1a200e286bc146ab910dd7da2c34378adde111a4522502,7f0d8f49f450738215f2b54942d4ffb9ef658c31ceec33513ce28362964da3e7,7aa08af9f501e50f41452eae8eb99ad818c4bad7508a2cc864d4cfff2a05d4f3
d8cb170ff998098c5d9f077ba974d4f9ce8ed2c0773cb91e95ec96ff488730cd,True,seed43_periodic_ep170_178d8cb02f04,,170,periodic,/home/j/Isaac_RL_Projects/quadcopter_waypoint/logs/rl_games/actor_preserving_formal_lambda50/seed43/nn/last_actor_preserving_formal_lambda50_ep_170_rew_59.204315.pth,178d8cb02f044fb6bc495e1c5c1eff0870a61cfc65502c38c8ddb2c510a40df0,188039,43,59.204315,f5dc8684709b634aa925a2f599f265adf5286b874b60b1abddf00b048ffd136f,c2a68f76978cdfb106e2fb5ef9390fe2efaa2287d3f944f06de0da2f2b2c8e88,7aa08af9f501e50f41452eae8eb99ad818c4bad7508a2cc864d4cfff2a05d4f3
e915c5df05f1b1a4aa44db70d0ea104d661a9d51f6909ca857c3e543210b3a9c,True,seed43_periodic_ep180_3eeb0df60849,,180,periodic,/home/j/Isaac_RL_Projects/quadcopter_waypoint/logs/rl_games/actor_preserving_formal_lambda50/seed43/nn/last_actor_preserving_formal_lambda50_ep_180_rew_50.832615.pth,3eeb0df608491bb3dc96c1b3104bafe5b5c10f205b58fb180d9ca31c483e6bfb,188039,43,50.832615,5d3723788ee02a367418911dd75a75566a721000d2e709a5c61038aa5c7718cc,d23ce9c8bfe626008a3abb90a90bdcbd7a7ad6f419ba28837532b3f2086d3267,7aa08af9f501e50f41452eae8eb99ad818c4bad7508a2cc864d4cfff2a05d4f3
efee2bcc20721fe76f07b58fee45cee95c5de275f86135368ee50df6e6c35f47,True,seed43_periodic_ep190_d5ce1904919f,,190,periodic,/home/j/Isaac_RL_Projects/quadcopter_waypoint/logs/rl_games/actor_preserving_formal_lambda50/seed43/nn/last_actor_preserving_formal_lambda50_ep_190_rew_56.804966.pth,d5ce1904919f7a11831560c86721191350469c1ee6a7935a975ee4ca07a40e6d,188039,43,56.804966,86b36a1a22afde52de269d1a6b9460efc1d5b7365e8f996f14e5b3c620027cb4,00faabe0d52b08131efe65ecf5cd267f60cc1845a85e83d4013d4b6e9e5d9fc3,7aa08af9f501e50f41452eae8eb99ad818c4bad7508a2cc864d4cfff2a05d4f3
ecf3beaa1a6777e27554f633b4c3c2fdab99bb609bf9795853874d4d41f3df1e,True,seed43_periodic_ep200_9bf6eab84d20,,200,periodic,/home/j/Isaac_RL_Projects/quadcopter_waypoint/logs/rl_games/actor_preserving_formal_lambda50/seed43/nn/last_actor_preserving_formal_lambda50_ep_200_rew_53.727707.pth,9bf6eab84d20227415264e1a444ce8b953c1a6f65ede2de88f55893b408f431b,188039,43,53.727707,a66a36816ad113a02517ad9f17bb143a26289a55d834f7492932f7e580f83eb2,407012035d00f8125541f3c32b493f312ad1e696cb4519731903b61f3a52619c,7aa08af9f501e50f41452eae8eb99ad818c4bad7508a2cc864d4cfff2a05d4f3
ecf3beaa1a6777e27554f633b4c3c2fdab99bb609bf9795853874d4d41f3df1e,False,seed43_periodic_ep200_e31aa152c786,/home/j/Isaac_RL_Projects/quadcopter_waypoint/logs/rl_games/actor_preserving_formal_lambda50/seed43/nn/last_actor_preserving_formal_lambda50_ep_200_rew_53.727707.pth,200,periodic,/home/j/Isaac_RL_Projects/quadcopter_waypoint/logs/rl_games/actor_preserving_formal_lambda50/seed43/nn/last_actor_preserving_formal_lambda50_ep_200_rew__53.727707_.pth,e31aa152c786a2a078693f253e2e44f2eeeda87cd52a13495a02725d9e08aad8,188179,43,53.727707,a66a36816ad113a02517ad9f17bb143a26289a55d834f7492932f7e580f83eb2,407012035d00f8125541f3c32b493f312ad1e696cb4519731903b61f3a52619c,7aa08af9f501e50f41452eae8eb99ad818c4bad7508a2cc864d4cfff2a05d4f3
4a917d9f5ff41bd59f10ce964cb8838ef529600c117fff94e9c2d576cefe1b77,True,seed44_periodic_ep10_7eccaf84fe25,,10,periodic,/home/j/Isaac_RL_Projects/quadcopter_waypoint/logs/rl_games/actor_preserving_formal_lambda50/seed44/nn/last_actor_preserving_formal_lambda50_ep_10_rew_48.5428.pth,7eccaf84fe25c33226c1fb5d38f815025bb8fea261e3d3eab1d678c7f166d60e,134101,44,48.5428,66156a49912f656e29c6bd8bdea0a68018ebac336aa8dbfb9cacfbf3bdccd230,0b857ff608c32d96a9bf2d116d0972b22269fb91d202db55216a499dede756e6,7aa08af9f501e50f41452eae8eb99ad818c4bad7508a2cc864d4cfff2a05d4f3
24a51740f4432704b3678736d9ae4b6996f65ce964e44880d361e35f15cbc86a,True,seed44_periodic_ep20_eb86f70ca0a0,,20,periodic,/home/j/Isaac_RL_Projects/quadcopter_waypoint/logs/rl_games/actor_preserving_formal_lambda50/seed44/nn/last_actor_preserving_formal_lambda50_ep_20_rew_60.563675.pth,eb86f70ca0a0d54686cdc090e2f4a50cdc32716f756e09711cbe09845502f2d5,187777,44,60.563675,4a23a04fe0f2e4c78bad4d189d219ce23883ac1e7bc0d8f6093582be526b2a05,b2695240dd4cd253e0c0aa745106c1ecf284968faa5d8728e12e54f45130705c,7aa08af9f501e50f41452eae8eb99ad818c4bad7508a2cc864d4cfff2a05d4f3
436a61d184e5bd22ccfd21e58e2e2d89cde9382131ca69c9d1b668cc7030e51d,True,seed44_periodic_ep30_d22405c93f8e,,30,periodic,/home/j/Isaac_RL_Projects/quadcopter_waypoint/logs/rl_games/actor_preserving_formal_lambda50/seed44/nn/last_actor_preserving_formal_lambda50_ep_30_rew_56.680077.pth,d22405c93f8e86db2420b698c2e226f3606fa09095c37260e20dea2dd349bf8b,187969,44,56.680077,01d4aaac656266f4f97a419303018b077d45faa0c394a6428f77d77dc018437f,edd9a2189416a58d80a3892d29093fee63a8a9c0426ed8a47459ad28f272ec60,7aa08af9f501e50f41452eae8eb99ad818c4bad7508a2cc864d4cfff2a05d4f3
531718b52c56f5ab48ca90c0046aea9b78966189bd75a73c9362b016570aa988,True,seed44_periodic_ep40_da16305a38f5,,40,periodic,/home/j/Isaac_RL_Projects/quadcopter_waypoint/logs/rl_games/actor_preserving_formal_lambda50/seed44/nn/last_actor_preserving_formal_lambda50_ep_40_rew_57.102.pth,da16305a38f5043befae2a44e5bb35129941b3b414f7551112db527a30058e03,187759,44,57.102,a889633809ec2ab08dbd8595991898767a5df53ac27675346685b1216ab64d29,1f977dfc5b241787ac22b489fe55a9c8a6710be75086f2b29a5b88cc91c4924f,7aa08af9f501e50f41452eae8eb99ad818c4bad7508a2cc864d4cfff2a05d4f3
090017c8115bcff6413de82c1280a8884a7cdb62f240f2feaa61461a31696e85,True,seed44_periodic_ep50_5af5aa2dcc22,,50,periodic,/home/j/Isaac_RL_Projects/quadcopter_waypoint/logs/rl_games/actor_preserving_formal_lambda50/seed44/nn/last_actor_preserving_formal_lambda50_ep_50_rew_64.19319.pth,5af5aa2dcc2247977c8de63cc16888cbedae0a9fd40c18a62a4f3d29cf03fb1a,187899,44,64.19319,070cc895fc0a3fd5c38d203759827ec6a13d35bdd2772de79db8cbe523b4915b,4557a226bdd67a68ca221a5e47906a664cf40c970327626ad3d9142cfd98533e,7aa08af9f501e50f41452eae8eb99ad818c4bad7508a2cc864d4cfff2a05d4f3
07ba42764876d90778c8eca4bf5b867a45c377051e5d6e3835305698ceca73da,True,seed44_reward_selected_ep51_49d1271607c3,,51,reward_selected,/home/j/Isaac_RL_Projects/quadcopter_waypoint/logs/rl_games/actor_preserving_formal_lambda50/seed44/nn/actor_preserving_formal_lambda50.pth,49d1271607c39c9272839592342dc17efb76bc698879b813c481681ad2d7b15e,186027,44,66.5006332397461,cc118207347d83d8984614965daaf76ef88c154d30ea145abe55ce5119a206b3,3cfdb3605e3de87518d7af1f09543916052969dbb026290152775fa746d8e753,7aa08af9f501e50f41452eae8eb99ad818c4bad7508a2cc864d4cfff2a05d4f3
a592c8417025eef18c614f7b5e777ad4c0931a57dd61ab734c7120beba2588be,True,seed44_periodic_ep60_bc7d66dc6368,,60,periodic,/home/j/Isaac_RL_Projects/quadcopter_waypoint/logs/rl_games/actor_preserving_formal_lambda50/seed44/nn/last_actor_preserving_formal_lambda50_ep_60_rew_62.710518.pth,bc7d66dc6368661dcf3a7999b38492a80fdae2bce6659bbf5cd0f91783215c4f,187969,44,62.710518,18d0bc892d6c4b9f570ac013717aa14648af95023339a7bac97453ff89d6fcb8,d0824cad5cd47ee785d894145327ca355e70c727c891f33e27661e6def831226,7aa08af9f501e50f41452eae8eb99ad818c4bad7508a2cc864d4cfff2a05d4f3
c64631cad2a0885cf391ce55bf73a92fb4f327f776b7eb1dd71ff00fdeca2b95,True,seed44_periodic_ep70_8e600c8a0733,,70,periodic,/home/j/Isaac_RL_Projects/quadcopter_waypoint/logs/rl_games/actor_preserving_formal_lambda50/seed44/nn/last_actor_preserving_formal_lambda50_ep_70_rew_61.46837.pth,8e600c8a073363a24bee841d1ce5f13d69879e31c977171d680709011df01420,187899,44,61.46837,4b44ae547192a88b3c3d1518ce46e89b90d5bc47e11539227d99292b665b2360,3b2f62a06a94e7dc0b6d1aca7ffec8779ad4b509803f208316bd3aeef33ca45e,7aa08af9f501e50f41452eae8eb99ad818c4bad7508a2cc864d4cfff2a05d4f3
0f3e48913f5964680653b25e00c312c5d1bfd8458f6ec6978607baf587aece45,True,seed44_periodic_ep80_b84dfbf7b87a,,80,periodic,/home/j/Isaac_RL_Projects/quadcopter_waypoint/logs/rl_games/actor_preserving_formal_lambda50/seed44/nn/last_actor_preserving_formal_lambda50_ep_80_rew_60.75286.pth,b84dfbf7b87add21a4c88ac7d4d47048b0feccbedb4a28738139a124d7d20a90,187899,44,60.75286,86233d68d227f78ebaab754658817bf19c8c3488ba504676e1e9d6340d944b4c,24471c1c5ec161ab70729db197eaf18d653ed444c31046379b1c24e8dd9e1937,7aa08af9f501e50f41452eae8eb99ad818c4bad7508a2cc864d4cfff2a05d4f3
879e64fc0c254b208eac6eb62c1040e3a7101fcdfc0f9d694a4b999a78b4ad14,True,seed44_periodic_ep90_ce722843381b,,90,periodic,/home/j/Isaac_RL_Projects/quadcopter_waypoint/logs/rl_games/actor_preserving_formal_lambda50/seed44/nn/last_actor_preserving_formal_lambda50_ep_90_rew_59.653793.pth,ce722843381bfe0e00e4725a1456d45818088536b52b650817475b0b7b77ab4f,187969,44,59.653793,aaa90089e23c1e9a7a0152d7b3cd9cb6366e4e5a7208cdd14aa6692c149a53a7,2eaece72935846e96dd6c187066d174ed9e861b309430d57a7db66ec24977586,7aa08af9f501e50f41452eae8eb99ad818c4bad7508a2cc864d4cfff2a05d4f3
2d80f74d9b452db5ada013ef868cf117608e4f487eabe7081692f766a60512e9,True,seed44_periodic_ep100_c5e129e57bb1,,100,periodic,/home/j/Isaac_RL_Projects/quadcopter_waypoint/logs/rl_games/actor_preserving_formal_lambda50/seed44/nn/last_actor_preserving_formal_lambda50_ep_100_rew_58.811543.pth,c5e129e57bb16d32c270cc186f43b748d8f70178aac4b7f071f344034b911c6f,188039,44,58.811543,57e8c05c7f3e5c1bdfed22729567363f779caaa4a12cb73e5a089d917c7e8534,f8d2dd5e2ac413818a5e03d35c5316d27d9c11368d1c75a1275e22e0844bfdec,7aa08af9f501e50f41452eae8eb99ad818c4bad7508a2cc864d4cfff2a05d4f3
4e7bbb917da9ad1c3b634f489de6f5c500135ba96606f6d25e887760bcf58cfc,True,seed44_periodic_ep110_d4b49c33d180,,110,periodic,/home/j/Isaac_RL_Projects/quadcopter_waypoint/logs/rl_games/actor_preserving_formal_lambda50/seed44/nn/last_actor_preserving_formal_lambda50_ep_110_rew_52.91541.pth,d4b49c33d18002a154774f10d9845442324320f65792f8e3df3f10ba19d500ed,187969,44,52.91541,76272977ec40a8abc595041b7ad4373a9b8037537fae80e25da40a69fa5de49c,0001b9ae7a2d10fd3bb4d23e80dd1f33ba3730babb183936563a482af11d474f,7aa08af9f501e50f41452eae8eb99ad818c4bad7508a2cc864d4cfff2a05d4f3
852a0c5d3b25bf68d9085ea9037e9282923fd6c36619934059f1c4bd9e06b7f1,True,seed44_periodic_ep120_cde66eceb32a,,120,periodic,/home/j/Isaac_RL_Projects/quadcopter_waypoint/logs/rl_games/actor_preserving_formal_lambda50/seed44/nn/last_actor_preserving_formal_lambda50_ep_120_rew_45.42985.pth,cde66eceb32a87d81700e9fcf374f914e83e5dad8791794b7d59a768cd2bfc8b,187969,44,45.42985,aa7d7308733206ec21f54fa623f0ffa13a201e83ea259ed4304f1c4feba71653,6e5f09d4bed8bfe438081e4bb850ac33b3cc344a6bc068f9e68f388e28283049,7aa08af9f501e50f41452eae8eb99ad818c4bad7508a2cc864d4cfff2a05d4f3
280a434567ae7a6f9b32fc07e76c9d1b23d55f6363df6f39e69fdc85b5bd97c2,True,seed44_periodic_ep130_5f2faf6a6e3a,,130,periodic,/home/j/Isaac_RL_Projects/quadcopter_waypoint/logs/rl_games/actor_preserving_formal_lambda50/seed44/nn/last_actor_preserving_formal_lambda50_ep_130_rew_60.104538.pth,5f2faf6a6e3a01716528aed3da8a5ef6a3b3f4b3711788910e9a8267948cdb8d,188039,44,60.104538,cfbd0922973dcccfb502b4c4ac3b2a4042c1390f87b73855e372e914f9ca6066,cb753ea643cd0da57762630c8bf4e5f56c274de4d70d85a81420d1c156bba4b3,7aa08af9f501e50f41452eae8eb99ad818c4bad7508a2cc864d4cfff2a05d4f3
8bfa9c9d4f8c236eb7b5b2f87fec07cfb1ca73325084338498631b8387b05400,True,seed44_periodic_ep140_d260f76f0a5e,,140,periodic,/home/j/Isaac_RL_Projects/quadcopter_waypoint/logs/rl_games/actor_preserving_formal_lambda50/seed44/nn/last_actor_preserving_formal_lambda50_ep_140_rew_48.87283.pth,d260f76f0a5ebdeb30cbe62b8481056c1fcca4622bf647eb112a34c128f66a8b,187969,44,48.87283,867f7427bd5490e785211725cfad5b8a3a43ed22f97326d3aebd76081c790547,aeea4659829c49da4320179b39874d841a434e4081ae3b84cc12e57ef3769234,7aa08af9f501e50f41452eae8eb99ad818c4bad7508a2cc864d4cfff2a05d4f3
b0ec73f060d9064a9afeefc0fca38f91b73d07bb33bbf61e021bd007a5595b03,True,seed44_periodic_ep150_9f6896ce9189,,150,periodic,/home/j/Isaac_RL_Projects/quadcopter_waypoint/logs/rl_games/actor_preserving_formal_lambda50/seed44/nn/last_actor_preserving_formal_lambda50_ep_150_rew_51.906116.pth,9f6896ce91891cd45e1663cf7930ebca3f9150e9361244bfa4614a5505dc0c79,188039,44,51.906116,1e09da7945a1332ce953924e27bc1f3634106b7e4a81fc252abea38e109a0a7f,d408c80e657d7a617b7e7cd9a2b13a5e598909993d26f765343b73d137c2cf7c,7aa08af9f501e50f41452eae8eb99ad818c4bad7508a2cc864d4cfff2a05d4f3
b366e3d791d20740a541d7e851c6079d8dc978e1342f14fdc8d15f9018930919,True,seed44_periodic_ep160_80cf3965c2c4,,160,periodic,/home/j/Isaac_RL_Projects/quadcopter_waypoint/logs/rl_games/actor_preserving_formal_lambda50/seed44/nn/last_actor_preserving_formal_lambda50_ep_160_rew_52.52974.pth,80cf3965c2c47d88795205fa5d57f3a75adca0531dad0b118570fde45b60c47b,187969,44,52.52974,4796c06374c89f24e860e64afe87a1c85ebb72413513c14f566a04d0626baea5,75a24497353c361aa6e4ccce5a26d670db779fdbfe5e85bf804b520a3fcb2d07,7aa08af9f501e50f41452eae8eb99ad818c4bad7508a2cc864d4cfff2a05d4f3
60d634dc70a33a26dfda1d6aa8a6c39823b25e21803153d99e0d815db5ae5f33,True,seed44_periodic_ep170_27942c912782,,170,periodic,/home/j/Isaac_RL_Projects/quadcopter_waypoint/logs/rl_games/actor_preserving_formal_lambda50/seed44/nn/last_actor_preserving_formal_lambda50_ep_170_rew_43.593353.pth,27942c9127827fde1680cf49bb7d2df4a7d5fe95106c3b3a72ced561bfb11ad3,188039,44,43.593353,b22dba4e598edcda071218d9ce0002e6519b0256b40dd5a470e2cf32e3792c1a,08a3efdefe896c21c547e7fbaf94cff243b8734be1c7a8accc9953db414a43d6,7aa08af9f501e50f41452eae8eb99ad818c4bad7508a2cc864d4cfff2a05d4f3
c0dc2df093c1b7292ed41c067dc7f4557c9db6f480a28df65ea89d4ee44d81a5,True,seed44_periodic_ep180_cd3259763584,,180,periodic,/home/j/Isaac_RL_Projects/quadcopter_waypoint/logs/rl_games/actor_preserving_formal_lambda50/seed44/nn/last_actor_preserving_formal_lambda50_ep_180_rew_49.256645.pth,cd3259763584d20b201a4dbc00d13b6ef5d7e5077b093203a56c564e907d79e2,188039,44,49.256645,0b1d161a81a8f196d2dfa9ad2bfa25a3455c5e6a99e33518c0ec0b6010bb14de,537ea71adf606d2517857e5c3bf7f544ece64125c329db7ca130dca4887dbaff,7aa08af9f501e50f41452eae8eb99ad818c4bad7508a2cc864d4cfff2a05d4f3
1cadbdaa3a13b64dc3dd9e9c7fd0ebeb344adddd23e1ab53748eb0fe5d696653,True,seed44_periodic_ep190_a466631f7241,,190,periodic,/home/j/Isaac_RL_Projects/quadcopter_waypoint/logs/rl_games/actor_preserving_formal_lambda50/seed44/nn/last_actor_preserving_formal_lambda50_ep_190_rew_55.789837.pth,a466631f724150ed477ea0d495943738fa6ad7e88ce9eb842aa1a6fc94aba438,188039,44,55.789837,ebbcb76097c8fb94ced30da938988e88a47c4481bc0ece5af8b434f77ce21577,f1fb2a05bb9161b6617cfe9696565fa40052c72d254bd3d51fe4ad6626eda979,7aa08af9f501e50f41452eae8eb99ad818c4bad7508a2cc864d4cfff2a05d4f3
566e3d988d83d47d4021c091187aa08bd628df41f753c0d3f42ec5b0bc801c04,True,seed44_periodic_ep200_dd1cc8fba4e7,,200,periodic,/home/j/Isaac_RL_Projects/quadcopter_waypoint/logs/rl_games/actor_preserving_formal_lambda50/seed44/nn/last_actor_preserving_formal_lambda50_ep_200_rew_61.19736.pth,dd1cc8fba4e7c7e5e225599b5aa54654e648eda5d90badf8f3603b05c160202a,187969,44,61.19736,86312151fd515f96298d91b2c76d02fdd6d108f92d7d874bee498e489733eb6b,d37d7abc32b3a78af823d97685e5e4ab2db642e058b3b3a4ea16bb477bc4e8fa,7aa08af9f501e50f41452eae8eb99ad818c4bad7508a2cc864d4cfff2a05d4f3
566e3d988d83d47d4021c091187aa08bd628df41f753c0d3f42ec5b0bc801c04,False,seed44_periodic_ep200_79ff4c0d7fb4,/home/j/Isaac_RL_Projects/quadcopter_waypoint/logs/rl_games/actor_preserving_formal_lambda50/seed44/nn/last_actor_preserving_formal_lambda50_ep_200_rew_61.19736.pth,200,periodic,/home/j/Isaac_RL_Projects/quadcopter_waypoint/logs/rl_games/actor_preserving_formal_lambda50/seed44/nn/last_actor_preserving_formal_lambda50_ep_200_rew__61.19736_.pth,79ff4c0d7fb489ab01af8f9302b133732def74fa565bb340a810ee73074b0e1c,188109,44,61.19736,86312151fd515f96298d91b2c76d02fdd6d108f92d7d874bee498e489733eb6b,d37d7abc32b3a78af823d97685e5e4ab2db642e058b3b3a4ea16bb477bc4e8fa,7aa08af9f501e50f41452eae8eb99ad818c4bad7508a2cc864d4cfff2a05d4f3
4a917d9f5ff41bd59f10ce964cb8838ef529600c117fff94e9c2d576cefe1b77,True,global_bc_init_ep0_ff87150ad17c,,0,bc_init,/home/j/Isaac_RL_Projects/quadcopter_waypoint/logs/imitation/actor_preserving_ppo/bc_init_separate_formal_lambda50.pth,ff87150ad17c726494cd2dd6bb9d8666e3849658707cc921b68cc61eae111249,81717,,0.0,66156a49912f656e29c6bd8bdea0a68018ebac336aa8dbfb9cacfbf3bdccd230,a23f8c5f6c10ea7af7f4a11b79c279b6a1a055af05ac4bd3f7b9201bdb0f30e1,7aa08af9f501e50f41452eae8eb99ad818c4bad7508a2cc864d4cfff2a05d4f3
