checkpoint_path,checkpoint_sha256,actor_sha256,critic_sha256,observation_rms_sha256,train_seed,epoch,training_reward,kind,observations,action_mse_vs_reference,action_max_abs_error_vs_reference,actor_parameter_relative_l2,critic_parameter_relative_l2,observation_mean_l2,observation_variance_l2,observation_count_delta,fixed_sigma_l2,fixed_sigma_max_abs,action_dim_mse_vs_reference_0,action_dim_mse_vs_reference_1,action_dim_mse_vs_reference_2,action_dim_mse_vs_reference_3
/home/j/Isaac_RL_Projects/quadcopter_waypoint/logs/rl_games/actor_preserving_formal_lambda50/seed42/nn/last_actor_preserving_formal_lambda50_ep_10_rew_57.39093.pth,fa5053ab69d58232da28cd576e24ac9944bb46274fe35d4bcc2a5c6d5c124d9a,4a917d9f5ff41bd59f10ce964cb8838ef529600c117fff94e9c2d576cefe1b77,fcb1ded7f099ff95600949c57960c367cb716fedc3281194fabe0f777e515c57,7aa08af9f501e50f41452eae8eb99ad818c4bad7508a2cc864d4cfff2a05d4f3,42,10,57.39093,periodic,51901,0.0,0.0,0.0,0.19540743348174291,0.0,0.0,0.0,0.0,0.0,0.0,0.0,0.0,0.0
/home/j/Isaac_RL_Projects/quadcopter_waypoint/logs/rl_games/actor_preserving_formal_lambda50/seed42/nn/last_actor_preserving_formal_lambda50_ep_20_rew_58.32651.pth,e25cdc7b03f2eeb90fd66a5c39f89830085caab30e86d89fe63e556a41bf2dbb,9a90e97ecfec924f6e4e2e32bb582d7782c49d078d56f104f832e5dd818ff7b9,47d261a46ab93b9a994055bdfb510705178c78aa10158173e4a72d48dcf6f902,7aa08af9f501e50f41452eae8eb99ad818c4bad7508a2cc864d4cfff2a05d4f3,42,20,58.32651,periodic,51901,0.0001318131689913571,0.06560182571411133,0.0073896170284624575,0.22904104258153707,0.0,0.0,0.0,0.0054946350965004555,0.004072904586791992,0.00014720081526320428,0.00011117265239590779,0.00016916485037654638,9.971432154998183e-05
/home/j/Isaac_RL_Projects/quadcopter_waypoint/logs/rl_games/actor_preserving_formal_lambda50/seed42/nn/last_actor_preserving_formal_lambda50_ep_30_rew_57.965107.pth,ce70d106a99e75bd46d967d9609dbd7ad040cd0b8277173f799d617d7065a992,b178dd3019eac9a6b3530f9290ffdab5d45b7c8f3c0a9eedf3f42a1af02ce58a,d4b775c664a452d0992de7e7712d6cfed1b8f9f0dd8dddd5796aefa56aa23617,7aa08af9f501e50f41452eae8eb99ad818c4bad7508a2cc864d4cfff2a05d4f3,42,30,57.965107,periodic,51901,0.00015899971185717732,0.06060877442359924,0.01020058168240195,0.2353566097874525,0.0,0.0,0.0,0.011080949560422717,0.009682178497314453,8.192577661247924e-05,0.0003776844241656363,8.892479672795162e-05,8.746384992264211e-05
/home/j/Isaac_RL_Projects/quadcopter_waypoint/logs/rl_games/actor_preserving_formal_lambda50/seed42/nn/last_actor_preserving_formal_lambda50_ep_40_rew_63.006054.pth,71668f073a4eff9448b6471b1a47412bc3ffa07b341367c054b9f1feaeb55979,0e1423e18c21811488ab9e7fbb414915ea2f55b394e39ea11d1df854aa2f3481,39d188581abfc3151b082008d025ff7f4e7fa81b0fe95d352726b6c240aef3f9,7aa08af9f501e50f41452eae8eb99ad818c4bad7508a2cc864d4cfff2a05d4f3,42,40,63.006054,periodic,51901,0.00018863423611037433,0.08051452040672302,0.01086983701867987,0.23337814555444994,0.0,0.0,0.0,0.00909631154712838,0.008705615997314453,0.00010444898362038657,0.00044726551277562976,8.901202090783045e-05,0.00011381044168956578
/home/j/Isaac_RL_Projects/quadcopter_waypoint/logs/rl_games/actor_preserving_formal_lambda50/seed42/nn/last_actor_preserving_formal_lambda50_ep_50_rew_60.25123.pth,68c397b5c35d34989fdbeb9f0d1c90c10e741a6cb8b279d29f5f10b4ab969606,d10a07e0f6ae8c1f706125dce967c7a55d42102fbbaffea4fa58736742240db7,cdc0cfad0d47f850ad2e8a1e2169fc7ed5be5b03e50018e225d7907b75c52d83,7aa08af9f501e50f41452eae8eb99ad818c4bad7508a2cc864d4cfff2a05d4f3,42,50,60.25123,periodic,51901,0.00017675953858997673,0.06601160764694214,0.011318731640242184,0.2155585133287698,0.0,0.0,0.0,0.011868798886440707,0.011363506317138672,0.0002454289060551673,0.0002703569480217993,6.237048364710063e-05,0.00012888177298009396
/home/j/Isaac_RL_Projects/quadcopter_waypoint/logs/rl_games/actor_preserving_formal_lambda50/seed42/nn/last_actor_preserving_formal_lambda50_ep_60_rew_48.526627.pth,335210e3ffd0f0d1f30d156ef75188b6899708d8a607f0b5d39d502cc500e944,ed13f60a2e035fdeca7d2b13632dc90f443ba06f792b840e5ed212ebf4b54c83,6f673c65f0244d3423291037cb882796f5081a685d3cec8c560bd300f15ca745,7aa08af9f501e50f41452eae8eb99ad818c4bad7508a2cc864d4cfff2a05d4f3,42,60,48.526627,periodic,51901,0.00017849095456767827,0.08172804117202759,0.011949088654959365,0.1933047256846848,0.0,0.0,0.0,0.009777002152621408,0.009158611297607422,0.00022987804550211877,0.00027843634597957134,0.00014346653188113123,6.218285852810368e-05
/home/j/Isaac_RL_Projects/quadcopter_waypoint/logs/rl_games/actor_preserving_formal_lambda50/seed42/nn/last_actor_preserving_formal_lambda50_ep_70_rew_61.90139.pth,d7ad9dad7f29020a65f75372b4c6986587041823f997047e3e8d55c941720c1c,d7d169bf472bc6703abf33669b60fd3025e888ae42bc88239bc9b65920177410,65c6d672a8878779637299666ed9823e8f96a0b08b0fd93f02c0d40485d950f5,7aa08af9f501e50f41452eae8eb99ad818c4bad7508a2cc864d4cfff2a05d4f3,42,70,61.90139,periodic,51901,0.000369810382835567,0.09465790539979935,0.013894367059112862,0.19729522826435836,0.0,0.0,0.0,0.018697727117792214,0.016730070114135742,0.0007363023469224572,0.00022763382003176957,0.00038391578709706664,0.00013138951908331364
/home/j/Isaac_RL_Projects/quadcopter_waypoint/logs/rl_games/actor_preserving_formal_lambda50/seed42/nn/last_actor_preserving_formal_lambda50_ep_80_rew_56.372707.pth,bc113c55e8ece15f6c248cb21b926ed8a2d1a09e2f6ef09f1a5a7fadeaa8d9b7,d7cc72d0dcc8e6c72dee84be8338575ab5a70394e1f0f6c98f6f46627be3526d,b6f064c5bb0e76cb513e4fa6b69980e53614efafe2f4c3e0d010613ff3a2757d,7aa08af9f501e50f41452eae8eb99ad818c4bad7508a2cc864d4cfff2a05d4f3,42,80,56.372707,periodic,51901,0.0002683086204342544,0.08470813930034637,0.014810969237511629,0.20554881484566395,0.0,0.0,0.0,0.02099904886275366,0.01847243309020996,0.0004075288597960025,0.00013857378507964313,0.0003533503331709653,0.00017378143093083054
/home/j/Isaac_RL_Projects/quadcopter_waypoint/logs/rl_games/actor_preserving_formal_lambda50/seed42/nn/last_actor_preserving_formal_lambda50_ep_90_rew_69.57126.pth,8370469d0490749d6c13d4469dfa61ea12f15e108fecf1b1a532b225ef6e54d6,02bebf20aa9e9ba9448e2da6f82a0fe8247aa26b001c9672a491b9fe3677666b,cb8c480ae213d53369a2b330b46b31effe86988faca1bb092943194feb09eb73,7aa08af9f501e50f41452eae8eb99ad818c4bad7508a2cc864d4cfff2a05d4f3,42,90,69.57126,periodic,51901,0.0004158012743573636,0.10509910434484482,0.016366125809766492,0.22997021996900477,0.0,0.0,0.0,0.029436250291459024,0.026734352111816406,0.0002646495122462511,0.0006706615095026791,0.0005209044902585447,0.00020698965818155557
/home/j/Isaac_RL_Projects/quadcopter_waypoint/logs/rl_games/actor_preserving_formal_lambda50/seed42/nn/actor_preserving_formal_lambda50.pth,82679de01f6077d9dd6a42e474588d6665333bf74e2df43ead9b29904d17aa0a,b50ad5ea3dfb826a2e585f3c85f694d8b6c0c18a03c1e8a10b98869661efa93f,0a01de3a8c78b2c8766fbdbb5e9d7e00de409612d5af9ab8890354aca68849bb,7aa08af9f501e50f41452eae8eb99ad818c4bad7508a2cc864d4cfff2a05d4f3,42,91,70.35635375976562,reward_selected,51901,0.0005790495197288692,0.11996298283338547,0.01649834287031357,0.23218118646612035,0.0,0.0,0.0,0.029809973532822654,0.02695155143737793,0.0005925473524257541,0.000732329732272774,0.0007492222939617932,0.00024209888943005353
/home/j/Isaac_RL_Projects/quadcopter_waypoint/logs/rl_games/actor_preserving_formal_lambda50/seed42/nn/last_actor_preserving_formal_lambda50_ep_100_rew_65.66894.pth,d4af1f214d2e5d4662543af9bd65ae4d0149527acb66625a0ea8652cd2e3897b,f5b993bd93b8b01f693a52e3949afd49190534ed625e07daf7a7b1b57f089ff3,2af04c27d867dc0d1738feb67bb38401e36bc5ae44bd0b2d726a1c1650d6d588,7aa08af9f501e50f41452eae8eb99ad818c4bad7508a2cc864d4cfff2a05d4f3,42,100,65.66894,periodic,51901,0.0002118727716151625,0.07983944565057755,0.017122228194118617,0.24687241351671751,0.0,0.0,0.0,0.03263331877487688,0.02933955192565918,0.00017762579955160618,0.00026115894434042275,0.00024292682064697146,0.00016577956557739526
/home/j/Isaac_RL_Projects/quadcopter_waypoint/logs/rl_games/actor_preserving_formal_lambda50/seed42/nn/last_actor_preserving_formal_lambda50_ep_110_rew_59.356533.pth,31a84642c28db2479d44ec4481df5ae07b32244ffe6e9abce90b0c262a4480a6,4c64d23dc55be7d563636ebf76b0246a2cbe87e081b51b5bb547e3c59c48afa6,fec906f13b53f6b35d6e8c24cee48376576fff9f3a7e1595f5b50922810f6a8e,7aa08af9f501e50f41452eae8eb99ad818c4bad7508a2cc864d4cfff2a05d4f3,42,110,59.356533,periodic,51901,0.00016184673586394638,0.08676475286483765,0.018169372796572814,0.25772036149103533,0.0,0.0,0.0,0.03014634580576305,0.026659727096557617,0.00010702544386731461,0.00014123022265266627,0.0002811882004607469,0.00011794300371548161
/home/j/Isaac_RL_Projects/quadcopter_waypoint/logs/rl_games/actor_preserving_formal_lambda50/seed42/nn/last_actor_preserving_formal_lambda50_ep_120_rew_50.999393.pth,96271bda5edb80020593c76a5035f77caa2f319c2797cb7a24b138acc10054b5,284cd3bc29c093fab6bc2707c1c09affc61dc532bdf191fd6b59c9095233667b,96dab3076a6f8d67bb991b586542265491694788538d003797ff11ffff097573,7aa08af9f501e50f41452eae8eb99ad818c4bad7508a2cc864d4cfff2a05d4f3,42,120,50.999393,periodic,51901,0.00013572449097409844,0.07914185523986816,0.018640770111212148,0.27016411821939307,0.0,0.0,0.0,0.033532740505999775,0.030434608459472656,0.00011386387632228434,0.00014292309060692787,0.00020528031745925546,8.083070133579895e-05
/home/j/Isaac_RL_Projects/quadcopter_waypoint/logs/rl_games/actor_preserving_formal_lambda50/seed42/nn/last_actor_preserving_formal_lambda50_ep_130_rew_57.919983.pth,a11e9aab4ab4ffc17aafa2799d3ba59d908f7cdee6480c9efc10477fe9fc9f01,66cf4e1587937ee8c3a819da73c366ac26c8cab8ff439237517d2b87f4774cac,ad25446ac5cb844f924840fe6cb3e35e4210f2374e653a1cffb639925d58c0c2,7aa08af9f501e50f41452eae8eb99ad818c4bad7508a2cc864d4cfff2a05d4f3,42,130,57.919983,periodic,51901,0.000319179700454697,0.08225885033607483,0.018809594919425385,0.28583310850028437,0.0,0.0,0.0,0.042511825916160866,0.03818798065185547,0.0006192561122588813,0.00016325358592439443,0.0002209186932304874,0.00027329043950885534
/home/j/Isaac_RL_Projects/quadcopter_waypoint/logs/rl_games/actor_preserving_formal_lambda50/seed42/nn/last_actor_preserving_formal_lambda50_ep_140_rew_64.095795.pth,5ba359c39111dc35a92f2776e0508f0c5f71f95d3cacd453b10011cac7aa1e2a,63d7586167d2758a4c1fc98e78a3e32859ae6b9519b47b1e5a94f39c42015233,b66b857e5c1b6169b42c722f118b8009202a5839084101d61ae6a82e9bbd4d5c,7aa08af9f501e50f41452eae8eb99ad818c4bad7508a2cc864d4cfff2a05d4f3,42,140,64.095795,periodic,51901,0.00017033118638209999,0.07722891867160797,0.019127621013751313,0.30355611009142736,0.0,0.0,0.0,0.04479633251006408,0.04117870330810547,7.876641029724851e-05,6.046369890100323e-05,0.0003514740674290806,0.0001906205725390464
/home/j/Isaac_RL_Projects/quadcopter_waypoint/logs/rl_games/actor_preserving_formal_lambda50/seed42/nn/last_actor_preserving_formal_lambda50_ep_150_rew_53.69874.pth,7ccd1befe0d1810f59d4a3ea3235143c716eaa508bdbf9c1413d385056106710,ef1321415821e2a3722943f9ca5da13611f4742710bb8bbfad3f99ba09689644,153119b848ed86061dfd8ff9a32a0209dc92c8d5500c52f04e3a0ae2924d4206,7aa08af9f501e50f41452eae8eb99ad818c4bad7508a2cc864d4cfff2a05d4f3,42,150,53.69874,periodic,51901,0.00015172417624853551,0.10890032351016998,0.019812040586265883,0.3236916676151953,0.0,0.0,0.0,0.04346181813677686,0.039010047912597656,0.00014390068827196956,0.00010747151827672496,0.00017478049267083406,0.00018074405670631677
/home/j/Isaac_RL_Projects/quadcopter_waypoint/logs/rl_games/actor_preserving_formal_lambda50/seed42/nn/last_actor_preserving_formal_lambda50_ep_160_rew_37.546185.pth,c9e1bb6c837cb872627b66807ccb4527484b918e285f6bea0152c17a3b817c75,dfd190b7f76f66fe924994774feb8e745a93e1ab5d00a186d87eaeb46e4fd5d9,1b94cba4da1c5dd738c97f582609cb6b7094282085264f7adef45ace53d0da2a,7aa08af9f501e50f41452eae8eb99ad818c4bad7508a2cc864d4cfff2a05d4f3,42,160,37.546185,periodic,51901,0.00015509330842178315,0.09403438866138458,0.019973123856447988,0.329888344216668,0.0,0.0,0.0,0.04085209059143974,0.03670692443847656,0.00016371144738513976,0.00016963339294306934,0.00018310817540623248,0.00010392020340077579
/home/j/Isaac_RL_Projects/quadcopter_waypoint/logs/rl_games/actor_preserving_formal_lambda50/seed42/nn/last_actor_preserving_formal_lambda50_ep_170_rew_55.58098.pth,176321639a0ede6cf76ffc45bc812ff42691509af9f7431995f1d9a1f7cbc6c3,a35582e0aac5ebc7a6cb0fe3c83f3fff84b1fd8db1fd5f623c921a0b86aa105c,e188a1ba54d8c6d286e568973b307fa470c7bf7f8aa7299b1527fe5a3ee47fbd,7aa08af9f501e50f41452eae8eb99ad818c4bad7508a2cc864d4cfff2a05d4f3,42,170,55.58098,periodic,51901,0.00026040454395115376,0.09708297252655029,0.020818146106342736,0.34928710001869057,0.0,0.0,0.0,0.04632752482054171,0.039058685302734375,0.0002900335530284792,0.00014541047858074307,0.00026251538656651974,0.000343658757628873
/home/j/Isaac_RL_Projects/quadcopter_waypoint/logs/rl_games/actor_preserving_formal_lambda50/seed42/nn/last_actor_preserving_formal_lambda50_ep_180_rew_55.92483.pth,56ccf1413824caa6ac6df0b9d248cd415d209fc67c07415aea72517f868d7dd4,5df43bfb950f032b867530368b361de264712c4938c791d385d762d4639a9533,4ba77ce85723918d14cce76fbc4fba87fcaf02525f744a8ff9d2853e45125198,7aa08af9f501e50f41452eae8eb99ad818c4bad7508a2cc864d4cfff2a05d4f3,42,180,55.92483,periodic,51901,0.0002799128706101328,0.07473057508468628,0.020934962153843106,0.35322172821110026,0.0,0.0,0.0,0.047255356315353325,0.03821086883544922,0.0005627820501103997,0.00010502466466277838,0.0002720644697546959,0.00017978023970499635
/home/j/Isaac_RL_Projects/quadcopter_waypoint/logs/rl_games/actor_preserving_formal_lambda50/seed42/nn/last_actor_preserving_formal_lambda50_ep_190_rew_60.192688.pth,367072e424cecae532ef69c8cf445f1aecd534352a3325a27e220a6db6f5bb63,b8ec997fce8c95deda2f4f074da4b5b19e5f9f0ed572f0c287dd9d2df4ab7c91,290d98bd6163a00f41a4c31c4f970abe68167ddee5d3760e74f62144d79709f8,7aa08af9f501e50f41452eae8eb99ad818c4bad7508a2cc864d4cfff2a05d4f3,42,190,60.192688,periodic,51901,0.00022414424165617675,0.0825965404510498,0.02140817871646409,0.37123660393065816,0.0,0.0,0.0,0.047623885611332954,0.03794717788696289,0.0003909440420102328,0.00010891142301261425,0.00015450859791599214,0.00024221293278969824
/home/j/Isaac_RL_Projects/quadcopter_waypoint/logs/rl_games/actor_preserving_formal_lambda50/seed42/nn/last_actor_preserving_formal_lambda50_ep_200_rew_60.280838.pth,6f17b77536a9baea41f2cd8054d57848febc5a72796b70b676c6c7ad3fc88804,d82ce783263ccb8784b36dbefea1b27a276cf8d28d390267f81b507411145ef2,36cfa20c0480cfb48718c321f8880dffc7363b1289b3ee89fc5389a95698a77b,7aa08af9f501e50f41452eae8eb99ad818c4bad7508a2cc864d4cfff2a05d4f3,42,200,60.280838,periodic,51901,0.00019114375754725188,0.11540620028972626,0.022426710542226842,0.3903565863295778,0.0,0.0,0.0,0.045663946086595186,0.03811335563659668,0.0002537018444854766,0.00014041445683687925,0.00023051243624649942,0.00013994633627589792
/home/j/Isaac_RL_Projects/quadcopter_waypoint/logs/rl_games/actor_preserving_formal_lambda50/seed43/nn/last_actor_preserving_formal_lambda50_ep_10_rew_47.311287.pth,21d7d3ea13c09cccdc479a1bbec7e0f0a4ca2df802a1802bbe656a7e531dbcce,4a917d9f5ff41bd59f10ce964cb8838ef529600c117fff94e9c2d576cefe1b77,af7096bb09777360ca3fb70d0e9161b273f48448733dde5350ca6031f412c553,7aa08af9f501e50f41452eae8eb99ad818c4bad7508a2cc864d4cfff2a05d4f3,43,10,47.311287,periodic,51901,0.0,0.0,0.0,0.19065979485082968,0.0,0.0,0.0,0.0,0.0,0.0,0.0,0.0,0.0
/home/j/Isaac_RL_Projects/quadcopter_waypoint/logs/rl_games/actor_preserving_formal_lambda50/seed43/nn/last_actor_preserving_formal_lambda50_ep_20_rew_61.147453.pth,81a24876d1378632152003d245af3015494c993a3525878d858c2d24a59461ef,ca622e4852639dd95d30a9657630f91fee352e0251e8c9677318d2363df6e661,4de0ab44459a8d0a0d7cfede5b003fd49488a4ec694082ab481db7d5a7468b56,7aa08af9f501e50f41452eae8eb99ad818c4bad7508a2cc864d4cfff2a05d4f3,43,20,61.147453,periodic,51901,0.00013697038230020553,0.07773822546005249,0.006528987572104229,0.22025038146345488,0.0,0.0,0.0,0.008349839640514493,0.005209922790527344,0.00018228012777399272,0.00012009159399894997,0.000180777526111342,6.473233952419832e-05
/home/j/Isaac_RL_Projects/quadcopter_waypoint/logs/rl_games/actor_preserving_formal_lambda50/seed43/nn/last_actor_preserving_formal_lambda50_ep_30_rew_63.345257.pth,6dedf416fe82f99a85f294fc12fc722f4eeeadc675176adcb8a5deae22fac417,102247969730cb93b207a8b80b9585c95f93342d05e11419943994fe0059b630,0c441f55636885dc3444088606e3bae77edd65e32cc1782767701ddeac8957f5,7aa08af9f501e50f41452eae8eb99ad818c4bad7508a2cc864d4cfff2a05d4f3,43,30,63.345257,periodic,51901,0.0001169792449218221,0.056353628635406494,0.007198995779972847,0.2310961277637374,0.0,0.0,0.0,0.0070345849469028365,0.004138469696044922,0.00011093658395111561,0.000234456398175098,4.3532309064175934e-05,7.899169577285647e-05
/home/j/Isaac_RL_Projects/quadcopter_waypoint/logs/rl_games/actor_preserving_formal_lambda50/seed43/nn/last_actor_preserving_formal_lambda50_ep_40_rew_60.870495.pth,6ff18b9e36cc837a8e4e3c2df11d4e504d163546128c9af49b209ab3cabb48fa,a0775b0c72c07af38b331b6b04756b11364d0692c7357158eaf69f84105403cd,606c4492ee9d09a9c299a02bc8ec80e44b499872bb107341ba7733095c1f399d,7aa08af9f501e50f41452eae8eb99ad818c4bad7508a2cc864d4cfff2a05d4f3,43,40,60.870495,periodic,51901,0.0002555058745201677,0.07507568597793579,0.008168688272385018,0.2242520467866853,0.0,0.0,0.0,0.005523242357918901,0.003978252410888672,4.541920861811377e-05,0.0002736635797191411,7.842994091333821e-05,0.0006245106342248619
/home/j/Isaac_RL_Projects/quadcopter_waypoint/logs/rl_games/actor_preserving_formal_lambda50/seed43/nn/last_actor_preserving_formal_lambda50_ep_50_rew_53.176975.pth,30c4075fee81b1000127da3e4a5ee2a96082bf8e8b6a154e988eacd80c58080b,b17cb0f89fbe8b851e6310db808e4227218084fb94f447fa321a86dd632a5d7e,e8bf911179bd9190b0e6c950601bdf1b1a1497537931adfde1ac973ab64fe28b,7aa08af9f501e50f41452eae8eb99ad818c4bad7508a2cc864d4cfff2a05d4f3,43,50,53.176975,periodic,51901,0.00015190195699688047,0.11324767023324966,0.011437718829719596,0.20866593730739635,0.0,0.0,0.0,0.00966896961666934,0.008220911026000977,4.8706635425332934e-05,0.00011275518772890791,0.00029189515043981373,0.00015425091260112822
/home/j/Isaac_RL_Projects/quadcopter_waypoint/logs/rl_games/actor_preserving_formal_lambda50/seed43/nn/last_actor_preserving_formal_lambda50_ep_60_rew_53.738792.pth,cdd00b5d0fa7e8bd65ceec2baf0d171adf26fc5a3958535aaf5dac9bed7c209a,595b8e7398bb5e03132a917c3c74c23d3386fbe34a36caf7d336654b0005a135,49a511c6aa50c13e0c3a2ddf10fd25008b4b54c56f29bc9da76904191c06145a,7aa08af9f501e50f41452eae8eb99ad818c4bad7508a2cc864d4cfff2a05d4f3,43,60,53.738792,periodic,51901,0.00013206321455072612,0.07408198714256287,0.012387462460613077,0.20032207620551015,0.0,0.0,0.0,0.00976640908974334,0.006760835647583008,0.0001342428440693766,0.0001145549031207338,0.0001562488469062373,0.00012320623500272632
/home/j/Isaac_RL_Projects/quadcopter_waypoint/logs/rl_games/actor_preserving_formal_lambda50/seed43/nn/last_actor_preserving_formal_lambda50_ep_70_rew_63.418964.pth,6b383296c7471988fa5f2d041d89b98ac43ed724958ed4eca06f25256226b76d,6945238e0eb31c5f20d9725df18cbb2b3167f9454ca311164fc5dc87c88df436,d47ef72202da7d9184e372a76ff7ad2eb89c07180b072e04aaf481d1e125aa0b,7aa08af9f501e50f41452eae8eb99ad818c4bad7508a2cc864d4cfff2a05d4f3,43,70,63.418964,periodic,51901,0.00013462797505781054,0.05880918353796005,0.013242260829002584,0.2025258509423469,0.0,0.0,0.0,0.00971597328932818,0.0077702999114990234,0.0001738118298817426,0.0002089366316795349,9.354915528092533e-05,6.221424700925127e-05
/home/j/Isaac_RL_Projects/quadcopter_waypoint/logs/rl_games/actor_preserving_formal_lambda50/seed43/nn/last_actor_preserving_formal_lambda50_ep_80_rew_64.63422.pth,dbedb463cb8510f08f2c04502b18c974f61f0ba4ce3613ea6a69baf2a9a6bdd5,3db2d6872605c3637cdb0b5a8a8e21f40b894c691a9759da8e3dc750dc2a34e4,20e18bb0a6559548a5ad0eec7c757a8b9ca3d1d138317d91b99ee7e2064a3850,7aa08af9f501e50f41452eae8eb99ad818c4bad7508a2cc864d4cfff2a05d4f3,43,80,64.63422,periodic,51901,0.00027594255516305566,0.07632730901241302,0.01420314661139722,0.21171242403410073,0.0,0.0,0.0,0.013313915354637041,0.010617256164550781,0.00017066480359062552,0.00036045617889612913,0.00016489640984218568,0.00040775269735604525
/home/j/Isaac_RL_Projects/quadcopter_waypoint/logs/rl_games/actor_preserving_formal_lambda50/seed43/nn/last_actor_preserving_formal_lambda50_ep_90_rew_59.738617.pth,7376cb28c4c5d4637638eaded97b034e5d96b7992e82b12f00eb4039eb8386b5,85b7563eadf92aeb91c03c41c18bd1582501d93627f732eac2700fd4ca748729,d82d09fe374e3f09354a9485cd14b6e1f1c789c90fb390df6cbe4ef8e627dc8e,7aa08af9f501e50f41452eae8eb99ad818c4bad7508a2cc864d4cfff2a05d4f3,43,90,59.738617,periodic,51901,0.000197861430933699,0.06703159213066101,0.014744960791903725,0.22823957944185955,0.0,0.0,0.0,0.017628517156990008,0.013985633850097656,0.0005268987151794136,8.936545054893941e-05,0.00011603253369685262,5.914903886150569e-05
/home/j/Isaac_RL_Projects/quadcopter_waypoint/logs/rl_games/actor_preserving_formal_lambda50/seed43/nn/last_actor_preserving_formal_lambda50_ep_100_rew_42.883953.pth,1ab82008d1f634b94206aca9f68ad716636e4c7fc21d862ab79eda28285f4b7a,59cea192ccbd87a16c11f05dcafce17f11a4c42e709aa7817d281064e4e2482a,0005b8587cfbdcbcf63da5f99e94b6c9a3f4dcaab6e74275426e1cc5cde089ba,7aa08af9f501e50f41452eae8eb99ad818c4bad7508a2cc864d4cfff2a05d4f3,43,100,42.883953,periodic,51901,0.00019564457761589438,0.07212087512016296,0.014801345977982137,0.23392318710363796,0.0,0.0,0.0,0.019947700368610027,0.015848875045776367,0.0001344318880001083,7.502242078771815e-05,0.00011596217518672347,0.0004571618337649852
/home/j/Isaac_RL_Projects/quadcopter_waypoint/logs/rl_games/actor_preserving_formal_lambda50/seed43/nn/last_actor_preserving_formal_lambda50_ep_110_rew_49.764717.pth,c960cf1e0afbb9b3c18cf9c2357aef6d479f69f868f32b8c8b84643bb374c62e,9ca4fba1afb3c11590bdff050ecf9724e55196bb9eaf8cb8f90c472579f9f44b,fa33fc7e025071612f63e267cedbef445844a14fcf9c1078d7972da69dbfba3d,7aa08af9f501e50f41452eae8eb99ad818c4bad7508a2cc864d4cfff2a05d4f3,43,110,49.764717,periodic,51901,0.00019561880617402494,0.09152314811944962,0.0154134257993329,0.2533087692075129,0.0,0.0,0.0,0.027511673674078002,0.022957563400268555,8.944548608269542e-05,0.0001729690411593765,0.00033391694887541234,0.00018614386499393731
/home/j/Isaac_RL_Projects/quadcopter_waypoint/logs/rl_games/actor_preserving_formal_lambda50/seed43/nn/last_actor_preserving_formal_lambda50_ep_120_rew_59.984028.pth,18fce37875fd9548060aac7299335f6eba9de662c1c34810ac92989907f44525,36080008289c81dc7a75ee5cd501c3aef5baa6cfd6e737fdddbaeee655583341,3c42b56e099fbf7d353cccdb42dab0fdd15663fb3e2889f27ef84504769755e2,7aa08af9f501e50f41452eae8eb99ad818c4bad7508a2cc864d4cfff2a05d4f3,43,120,59.984028,periodic,51901,0.00011861017992487177,0.06634121388196945,0.0153949922462733,0.26742401330715776,0.0,0.0,0.0,0.02707755240018448,0.021478652954101562,6.819971895311028e-05,0.0002174985274905339,0.00012554568820632994,6.319675594568253e-05
/home/j/Isaac_RL_Projects/quadcopter_waypoint/logs/rl_games/actor_preserving_formal_lambda50/seed43/nn/actor_preserving_formal_lambda50.pth,4202453317c5059d5b784f654d16c7e48e1c84336382dc57549230ac788001ef,285efb9b5cb78a6e22ee45410cec0941f4724d150885b6ab1b24f033bc7e2481,0a89a43715c44ea811d8314a9012c88603e7fd7a9138d740075b4f2ae93e769a,7aa08af9f501e50f41452eae8eb99ad818c4bad7508a2cc864d4cfff2a05d4f3,43,128,64.90492248535156,reward_selected,51901,0.00042809927253983915,0.10697528719902039,0.016727869198280083,0.28794316871844094,0.0,0.0,0.0,0.02604526588316615,0.018258094787597656,0.001021623145788908,0.00014699077291879803,0.00043900212040171027,0.00010478102922206745
/home/j/Isaac_RL_Projects/quadcopter_waypoint/logs/rl_games/actor_preserving_formal_lambda50/seed43/nn/last_actor_preserving_formal_lambda50_ep_130_rew_61.391838.pth,49027bc79f96f04021182b621872af46ee54fe90bdf5c32225222f4c795c9781,514c4de75726b744e24f5f7750d555e36da42d3b4b1d08dc6b9e36c06f1ea10a,9acc5ec8aab1564959f411f1e6add8d771ccc25a9c1854dbc73e321dba2b484e,7aa08af9f501e50f41452eae8eb99ad818c4bad7508a2cc864d4cfff2a05d4f3,43,130,61.391838,periodic,51901,0.0002522937720641494,0.07200451195240021,0.016433667681406083,0.29391873765264975,0.0,0.0,0.0,0.023633954338064818,0.017166852951049805,0.00040802513831295073,0.00013057618343736976,0.00039571415982209146,7.485960668418556e-05
/home/j/Isaac_RL_Projects/quadcopter_waypoint/logs/rl_games/actor_preserving_formal_lambda50/seed43/nn/last_actor_preserving_formal_lambda50_ep_140_rew_59.91663.pth,b2134aaf6199b57c3a5936cb05fd8dcf4128811ca110bb085a83a03357101b36,a3e9309bf4e2d417653f5370e5943211fd4e0b8b864c1255544e9222bfc5b5d4,8f816f05cafce8b034a0d40faef55906d6dd1981543295577db4087bd02ba60f,7aa08af9f501e50f41452eae8eb99ad818c4bad7508a2cc864d4cfff2a05d4f3,43,140,59.91663,periodic,51901,0.0001976412022486329,0.09153658151626587,0.017056792900266297,0.31058703337386023,0.0,0.0,0.0,0.027583453652469007,0.021273374557495117,0.00028549801209010184,0.00015876042016316205,0.0002794334141071886,6.687302811769769e-05
/home/j/Isaac_RL_Projects/quadcopter_waypoint/logs/rl_games/actor_preserving_formal_lambda50/seed43/nn/last_actor_preserving_formal_lambda50_ep_150_rew_58.704094.pth,08ebc952736f602d5ef040cc56e9cd79e939d95801d5306b54c63af39c9aaa6f,c28e9d1cfdf6227d17ba0d0ecaa9d9894dec2eac4ea00346a9876edab44bf817,5eff24a5c2bec3b312999d1c4d0766292eb5da0cc7cdf60f03be5b8a0f4f5cf8,7aa08af9f501e50f41452eae8eb99ad818c4bad7508a2cc864d4cfff2a05d4f3,43,150,58.704094,periodic,51901,0.00021513827960006893,0.1398024559020996,0.01757113469597756,0.32779243676544084,0.0,0.0,0.0,0.025936091009950524,0.01951289176940918,0.0001975702034542337,0.00014864052354823798,0.0003654958854895085,0.00014884652046021074
/home/j/Isaac_RL_Projects/quadcopter_waypoint/logs/rl_games/actor_preserving_formal_lambda50/seed43/nn/last_actor_preserving_formal_lambda50_ep_160_rew_60.685772.pth,fe17982415dc419061ae32ba6bbabbd6b580049e70340454da0de9c9f988c620,fd29516953a268569621ee014cf15228d6f04ba874200fe31e6f40e379fcdf4d,7f0d8f49f450738215f2b54942d4ffb9ef658c31ceec33513ce28362964da3e7,7aa08af9f501e50f41452eae8eb99ad818c4bad7508a2cc864d4cfff2a05d4f3,43,160,60.685772,periodic,51901,0.00021916547848377377,0.08099351823329926,0.019127623744656087,0.3540241354708345,0.0,0.0,0.0,0.03110354194110184,0.021957874298095703,0.00012302910909056664,0.00022236077347770333,0.0004039392515551299,0.00012733279436361045
/home/j/Isaac_RL_Projects/quadcopter_waypoint/logs/rl_games/actor_preserving_formal_lambda50/seed43/nn/last_actor_preserving_formal_lambda50_ep_170_rew_59.204315.pth,178d8cb02f044fb6bc495e1c5c1eff0870a61cfc65502c38c8ddb2c510a40df0,d8cb170ff998098c5d9f077ba974d4f9ce8ed2c0773cb91e95ec96ff488730cd,c2a68f76978cdfb106e2fb5ef9390fe2efaa2287d3f944f06de0da2f2b2c8e88,7aa08af9f501e50f41452eae8eb99ad818c4bad7508a2cc864d4cfff2a05d4f3,43,170,59.204315,periodic,51901,0.00017599741113372147,0.07053279876708984,0.01994578189242021,0.39083285339656176,0.0,0.0,0.0,0.02203952783164325,0.015642404556274414,0.00012752421025652438,0.00019334518583491445,0.00026700919261202216,0.00011611102672759444
/home/j/Isaac_RL_Projects/quadcopter_waypoint/logs/rl_games/actor_preserving_formal_lambda50/seed43/nn/last_actor_preserving_formal_lambda50_ep_180_rew_50.832615.pth,3eeb0df608491bb3dc96c1b3104bafe5b5c10f205b58fb180d9ca31c483e6bfb,e915c5df05f1b1a4aa44db70d0ea104d661a9d51f6909ca857c3e543210b3a9c,d23ce9c8bfe626008a3abb90a90bdcbd7a7ad6f419ba28837532b3f2086d3267,7aa08af9f501e50f41452eae8eb99ad818c4bad7508a2cc864d4cfff2a05d4f3,43,180,50.832615,periodic,51901,0.00035679005668498576,0.09848272800445557,0.021155310218435842,0.4099193530331652,0.0,0.0,0.0,0.02190181000295698,0.01521444320678711,0.0006786590674892068,0.00023253148538060486,0.0003868967469315976,0.00012907297059427947
/home/j/Isaac_RL_Projects/quadcopter_waypoint/logs/rl_games/actor_preserving_formal_lambda50/seed43/nn/last_actor_preserving_formal_lambda50_ep_190_rew_56.804966.pth,d5ce1904919f7a11831560c86721191350469c1ee6a7935a975ee4ca07a40e6d,efee2bcc20721fe76f07b58fee45cee95c5de275f86135368ee50df6e6c35f47,00faabe0d52b08131efe65ecf5cd267f60cc1845a85e83d4013d4b6e9e5d9fc3,7aa08af9f501e50f41452eae8eb99ad818c4bad7508a2cc864d4cfff2a05d4f3,43,190,56.804966,periodic,51901,0.0002654511190485209,0.10040530562400818,0.02182590888749601,0.4182422871579058,0.0,0.0,0.0,0.026050254212996445,0.019568204879760742,0.0001556223869556561,0.0001508470013504848,0.0004892570432275534,0.0002660779864527285
/home/j/Isaac_RL_Projects/quadcopter_waypoint/logs/rl_games/actor_preserving_formal_lambda50/seed43/nn/last_actor_preserving_formal_lambda50_ep_200_rew_53.727707.pth,9bf6eab84d20227415264e1a444ce8b953c1a6f65ede2de88f55893b408f431b,ecf3beaa1a6777e27554f633b4c3c2fdab99bb609bf9795853874d4d41f3df1e,407012035d00f8125541f3c32b493f312ad1e696cb4519731903b61f3a52619c,7aa08af9f501e50f41452eae8eb99ad818c4bad7508a2cc864d4cfff2a05d4f3,43,200,53.727707,periodic,51901,0.0003115099389106035,0.13948370516300201,0.02242618285264987,0.43079095235815495,0.0,0.0,0.0,0.031705074491636134,0.023378610610961914,0.00032390086562372744,0.00013971287989988923,0.0005877263029105961,0.00019469975086394697
/home/j/Isaac_RL_Projects/quadcopter_waypoint/logs/rl_games/actor_preserving_formal_lambda50/seed44/nn/last_actor_preserving_formal_lambda50_ep_10_rew_48.5428.pth,7eccaf84fe25c33226c1fb5d38f815025bb8fea261e3d3eab1d678c7f166d60e,4a917d9f5ff41bd59f10ce964cb8838ef529600c117fff94e9c2d576cefe1b77,0b857ff608c32d96a9bf2d116d0972b22269fb91d202db55216a499dede756e6,7aa08af9f501e50f41452eae8eb99ad818c4bad7508a2cc864d4cfff2a05d4f3,44,10,48.5428,periodic,51901,0.0,0.0,0.0,0.18364148215008852,0.0,0.0,0.0,0.0,0.0,0.0,0.0,0.0,0.0
/home/j/Isaac_RL_Projects/quadcopter_waypoint/logs/rl_games/actor_preserving_formal_lambda50/seed44/nn/last_actor_preserving_formal_lambda50_ep_20_rew_60.563675.pth,eb86f70ca0a0d54686cdc090e2f4a50cdc32716f756e09711cbe09845502f2d5,24a51740f4432704b3678736d9ae4b6996f65ce964e44880d361e35f15cbc86a,b2695240dd4cd253e0c0aa745106c1ecf284968faa5d8728e12e54f45130705c,7aa08af9f501e50f41452eae8eb99ad818c4bad7508a2cc864d4cfff2a05d4f3,44,20,60.563675,periodic,51901,8.317648462252691e-05,0.06276272982358932,0.00730121815672147,0.22710841549087685,0.0,0.0,0.0,0.014832090449843304,0.014178276062011719,0.00012086943024769425,0.00013099679199513048,4.157501825829968e-05,3.926470526494086e-05
/home/j/Isaac_RL_Projects/quadcopter_waypoint/logs/rl_games/actor_preserving_formal_lambda50/seed44/nn/last_actor_preserving_formal_lambda50_ep_30_rew_56.680077.pth,d22405c93f8e86db2420b698c2e226f3606fa09095c37260e20dea2dd349bf8b,436a61d184e5bd22ccfd21e58e2e2d89cde9382131ca69c9d1b668cc7030e51d,edd9a2189416a58d80a3892d29093fee63a8a9c0426ed8a47459ad28f272ec60,7aa08af9f501e50f41452eae8eb99ad818c4bad7508a2cc864d4cfff2a05d4f3,44,30,56.680077,periodic,51901,0.00013918394688516855,0.08525997400283813,0.009937669370148264,0.23823175069761218,0.0,0.0,0.0,0.01764994999700936,0.015789031982421875,0.00015572253323625773,0.00019404526392463595,0.00014620453293900937,6.076342106098309e-05
/home/j/Isaac_RL_Projects/quadcopter_waypoint/logs/rl_games/actor_preserving_formal_lambda50/seed44/nn/last_actor_preserving_formal_lambda50_ep_40_rew_57.102.pth,da16305a38f5043befae2a44e5bb35129941b3b414f7551112db527a30058e03,531718b52c56f5ab48ca90c0046aea9b78966189bd75a73c9362b016570aa988,1f977dfc5b241787ac22b489fe55a9c8a6710be75086f2b29a5b88cc91c4924f,7aa08af9f501e50f41452eae8eb99ad818c4bad7508a2cc864d4cfff2a05d4f3,44,40,57.102,periodic,51901,0.00013035537267569453,0.0778282955288887,0.011160143002854265,0.22476544043480617,0.0,0.0,0.0,0.019709808466889096,0.0188446044921875,0.0001378144952468574,7.663761789444834e-05,0.00012866871838923544,0.0001783007028279826
/home/j/Isaac_RL_Projects/quadcopter_waypoint/logs/rl_games/actor_preserving_formal_lambda50/seed44/nn/last_actor_preserving_formal_lambda50_ep_50_rew_64.19319.pth,5af5aa2dcc2247977c8de63cc16888cbedae0a9fd40c18a62a4f3d29cf03fb1a,090017c8115bcff6413de82c1280a8884a7cdb62f240f2feaa61461a31696e85,4557a226bdd67a68ca221a5e47906a664cf40c970327626ad3d9142cfd98533e,7aa08af9f501e50f41452eae8eb99ad818c4bad7508a2cc864d4cfff2a05d4f3,44,50,64.19319,periodic,51901,0.00016098706691991538,0.1008596420288086,0.012949406036830435,0.2028138962948424,0.0,0.0,0.0,0.02135903185574414,0.02023792266845703,0.00012055688421241939,0.00022872109548188746,0.00010299430141458288,0.0001916759501909837
/home/j/Isaac_RL_Projects/quadcopter_waypoint/logs/rl_games/actor_preserving_formal_lambda50/seed44/nn/actor_preserving_formal_lambda50.pth,49d1271607c39c9272839592342dc17efb76bc698879b813c481681ad2d7b15e,07ba42764876d90778c8eca4bf5b867a45c377051e5d6e3835305698ceca73da,3cfdb3605e3de87518d7af1f09543916052969dbb026290152775fa746d8e753,7aa08af9f501e50f41452eae8eb99ad818c4bad7508a2cc864d4cfff2a05d4f3,44,51,66.5006332397461,reward_selected,51901,0.00012663799861911684,0.06745309382677078,0.012809881247942327,0.20233494503419217,0.0,0.0,0.0,0.019850505092902603,0.018767118453979492,0.00010800563904922456,0.00018184601503890008,0.00010238168033538386,0.00011431866005295888
/home/j/Isaac_RL_Projects/quadcopter_waypoint/logs/rl_games/actor_preserving_formal_lambda50/seed44/nn/last_actor_preserving_formal_lambda50_ep_60_rew_62.710518.pth,bc7d66dc6368661dcf3a7999b38492a80fdae2bce6659bbf5cd0f91783215c4f,a592c8417025eef18c614f7b5e777ad4c0931a57dd61ab734c7120beba2588be,d0824cad5cd47ee785d894145327ca355e70c727c891f33e27661e6def831226,7aa08af9f501e50f41452eae8eb99ad818c4bad7508a2cc864d4cfff2a05d4f3,44,60,62.710518,periodic,51901,0.00025493022985756397,0.08138175308704376,0.01403334710142671,0.20667946178576121,0.0,0.0,0.0,0.02534907369397194,0.021993160247802734,0.00010292946535628289,0.00013483170187100768,0.0003893747925758362,0.0003925850905943662
/home/j/Isaac_RL_Projects/quadcopter_waypoint/logs/rl_games/actor_preserving_formal_lambda50/seed44/nn/last_actor_preserving_formal_lambda50_ep_70_rew_61.46837.pth,8e600c8a073363a24bee841d1ce5f13d69879e31c977171d680709011df01420,c64631cad2a0885cf391ce55bf73a92fb4f327f776b7eb1dd71ff00fdeca2b95,3b2f62a06a94e7dc0b6d1aca7ffec8779ad4b509803f208316bd3aeef33ca45e,7aa08af9f501e50f41452eae8eb99ad818c4bad7508a2cc864d4cfff2a05d4f3,44,70,61.46837,periodic,51901,0.0003047086065635085,0.08027961850166321,0.015267974150817532,0.20456932996089153,0.0,0.0,0.0,0.026158025806505506,0.024796009063720703,0.00033635442377999425,0.0002468335151206702,0.000323098007356748,0.0003125484799966216
/home/j/Isaac_RL_Projects/quadcopter_waypoint/logs/rl_games/actor_preserving_formal_lambda50/seed44/nn/last_actor_preserving_formal_lambda50_ep_80_rew_60.75286.pth,b84dfbf7b87add21a4c88ac7d4d47048b0feccbedb4a28738139a124d7d20a90,0f3e48913f5964680653b25e00c312c5d1bfd8458f6ec6978607baf587aece45,24471c1c5ec161ab70729db197eaf18d653ed444c31046379b1c24e8dd9e1937,7aa08af9f501e50f41452eae8eb99ad818c4bad7508a2cc864d4cfff2a05d4f3,44,80,60.75286,periodic,51901,0.0002557181578595191,0.06483671069145203,0.015691671057637756,0.21489469097698843,0.0,0.0,0.0,0.02727487043920381,0.025042057037353516,0.00010082257358590141,0.00019645273278001696,0.000419765361584723,0.00030583192710764706
/home/j/Isaac_RL_Projects/quadcopter_waypoint/logs/rl_games/actor_preserving_formal_lambda50/seed44/nn/last_actor_preserving_formal_lambda50_ep_90_rew_59.653793.pth,ce722843381bfe0e00e4725a1456d45818088536b52b650817475b0b7b77ab4f,879e64fc0c254b208eac6eb62c1040e3a7101fcdfc0f9d694a4b999a78b4ad14,2eaece72935846e96dd6c187066d174ed9e861b309430d57a7db66ec24977586,7aa08af9f501e50f41452eae8eb99ad818c4bad7508a2cc864d4cfff2a05d4f3,44,90,59.653793,periodic,51901,0.00016932243306655437,0.10493095964193344,0.015697541917440532,0.23344074043355628,0.0,0.0,0.0,0.031687603098759565,0.028889179229736328,0.00010045072849607095,0.000219510227907449,0.00017246227071154863,0.00018486655608285218
/home/j/Isaac_RL_Projects/quadcopter_waypoint/logs/rl_games/actor_preserving_formal_lambda50/seed44/nn/last_actor_preserving_formal_lambda50_ep_100_rew_58.811543.pth,c5e129e57bb16d32c270cc186f43b748d8f70178aac4b7f071f344034b911c6f,2d80f74d9b452db5ada013ef868cf117608e4f487eabe7081692f766a60512e9,f8d2dd5e2ac413818a5e03d35c5316d27d9c11368d1c75a1275e22e0844bfdec,7aa08af9f501e50f41452eae8eb99ad818c4bad7508a2cc864d4cfff2a05d4f3,44,100,58.811543,periodic,51901,0.00018687643751036376,0.10717421770095825,0.017245432704174442,0.2527868599673322,0.0,0.0,0.0,0.03483349651594342,0.03041386604309082,0.00022420448658522218,0.00020333979045972228,0.00013813427358400077,0.0001818271994125098
/home/j/Isaac_RL_Projects/quadcopter_waypoint/logs/rl_games/actor_preserving_formal_lambda50/seed44/nn/last_actor_preserving_formal_lambda50_ep_110_rew_52.91541.pth,d4b49c33d18002a154774f10d9845442324320f65792f8e3df3f10ba19d500ed,4e7bbb917da9ad1c3b634f489de6f5c500135ba96606f6d25e887760bcf58cfc,0001b9ae7a2d10fd3bb4d23e80dd1f33ba3730babb183936563a482af11d474f,7aa08af9f501e50f41452eae8eb99ad818c4bad7508a2cc864d4cfff2a05d4f3,44,110,52.91541,periodic,51901,0.00015140374307520688,0.08287741243839264,0.018126404167255954,0.2644871531353191,0.0,0.0,0.0,0.03726098952912004,0.028635025024414062,9.115705324802548e-05,0.0002327787660760805,0.0001743146713124588,0.00010736446711234748
/home/j/Isaac_RL_Projects/quadcopter_waypoint/logs/rl_games/actor_preserving_formal_lambda50/seed44/nn/last_actor_preserving_formal_lambda50_ep_120_rew_45.42985.pth,cde66eceb32a87d81700e9fcf374f914e83e5dad8791794b7d59a768cd2bfc8b,852a0c5d3b25bf68d9085ea9037e9282923fd6c36619934059f1c4bd9e06b7f1,6e5f09d4bed8bfe438081e4bb850ac33b3cc344a6bc068f9e68f388e28283049,7aa08af9f501e50f41452eae8eb99ad818c4bad7508a2cc864d4cfff2a05d4f3,44,120,45.42985,periodic,51901,0.00022471811098512262,0.0966036319732666,0.018606117109594183,0.2818209317571775,0.0,0.0,0.0,0.04590208909223127,0.03509044647216797,8.590425568399951e-05,0.00034381556906737387,0.00027045729802921414,0.0001986952847801149
/home/j/Isaac_RL_Projects/quadcopter_waypoint/logs/rl_games/actor_preserving_formal_lambda50/seed44/nn/last_actor_preserving_formal_lambda50_ep_130_rew_60.104538.pth,5f2faf6a6e3a01716528aed3da8a5ef6a3b3f4b3711788910e9a8267948cdb8d,280a434567ae7a6f9b32fc07e76c9d1b23d55f6363df6f39e69fdc85b5bd97c2,cb753ea643cd0da57762630c8bf4e5f56c274de4d70d85a81420d1c156bba4b3,7aa08af9f501e50f41452eae8eb99ad818c4bad7508a2cc864d4cfff2a05d4f3,44,130,60.104538,periodic,51901,0.00031984091037884355,0.08281862735748291,0.018480621368826618,0.30007134237418465,0.0,0.0,0.0,0.04671699972102745,0.03757333755493164,0.0008747980464249849,0.00013769649376627058,8.161290315911174e-05,0.0001852562272688374
/home/j/Isaac_RL_Projects/quadcopter_waypoint/logs/rl_games/actor_preserving_formal_lambda50/seed44/nn/last_actor_preserving_formal_lambda50_ep_140_rew_48.87283.pth,d260f76f0a5ebdeb30cbe62b8481056c1fcca4622bf647eb112a34c128f66a8b,8bfa9c9d4f8c236eb7b5b2f87fec07cfb1ca73325084338498631b8387b05400,aeea4659829c49da4320179b39874d841a434e4081ae3b84cc12e57ef3769234,7aa08af9f501e50f41452eae8eb99ad818c4bad7508a2cc864d4cfff2a05d4f3,44,140,48.87283,periodic,51901,0.0001545720879221335,0.07865871489048004,0.018976205607704674,0.307056266100783,0.0,0.0,0.0,0.0429643721395366,0.03621387481689453,0.00016247104213107377,0.0001550189481349662,0.00013650434266310185,0.00016429398965556175
/home/j/Isaac_RL_Projects/quadcopter_waypoint/logs/rl_games/actor_preserving_formal_lambda50/seed44/nn/last_actor_preserving_formal_lambda50_ep_150_rew_51.906116.pth,9f6896ce91891cd45e1663cf7930ebca3f9150e9361244bfa4614a5505dc0c79,b0ec73f060d9064a9afeefc0fca38f91b73d07bb33bbf61e021bd007a5595b03,d408c80e657d7a617b7e7cd9a2b13a5e598909993d26f765343b73d137c2cf7c,7aa08af9f501e50f41452eae8eb99ad818c4bad7508a2cc864d4cfff2a05d4f3,44,150,51.906116,periodic,51901,0.00010840522008948028,0.08032850176095963,0.01906766654468702,0.32630441879732014,0.0,0.0,0.0,0.03930429565473155,0.03070068359375,0.00013193908671382815,0.00010888277756748721,0.00012403953587636352,6.875945837236941e-05
/home/j/Isaac_RL_Projects/quadcopter_waypoint/logs/rl_games/actor_preserving_formal_lambda50/seed44/nn/last_actor_preserving_formal_lambda50_ep_160_rew_52.52974.pth,80cf3965c2c47d88795205fa5d57f3a75adca0531dad0b118570fde45b60c47b,b366e3d791d20740a541d7e851c6079d8dc978e1342f14fdc8d15f9018930919,75a24497353c361aa6e4ccce5a26d670db779fdbfe5e85bf804b520a3fcb2d07,7aa08af9f501e50f41452eae8eb99ad818c4bad7508a2cc864d4cfff2a05d4f3,44,160,52.52974,periodic,51901,9.868163760984316e-05,0.07203561067581177,0.019765655533752192,0.3414905345206941,0.0,0.0,0.0,0.04245108565557836,0.03259730339050293,5.33546663064044e-05,9.490909724263474e-05,0.00015873972733970731,8.772304136073217e-05
/home/j/Isaac_RL_Projects/quadcopter_waypoint/logs/rl_games/actor_preserving_formal_lambda50/seed44/nn/last_actor_preserving_formal_lambda50_ep_170_rew_43.593353.pth,27942c9127827fde1680cf49bb7d2df4a7d5fe95106c3b3a72ced561bfb11ad3,60d634dc70a33a26dfda1d6aa8a6c39823b25e21803153d99e0d815db5ae5f33,08a3efdefe896c21c547e7fbaf94cff243b8734be1c7a8accc9953db414a43d6,7aa08af9f501e50f41452eae8eb99ad818c4bad7508a2cc864d4cfff2a05d4f3,44,170,43.593353,periodic,51901,0.0002664072089828551,0.12397462129592896,0.01999132195174639,0.35637003089797337,0.0,0.0,0.0,0.04311232217337172,0.03187727928161621,0.0003110922407358885,0.00020227549248374999,0.00038285841583274305,0.0001694026286713779
/home/j/Isaac_RL_Projects/quadcopter_waypoint/logs/rl_games/actor_preserving_formal_lambda50/seed44/nn/last_actor_preserving_formal_lambda50_ep_180_rew_49.256645.pth,cd3259763584d20b201a4dbc00d13b6ef5d7e5077b093203a56c564e907d79e2,c0dc2df093c1b7292ed41c067dc7f4557c9db6f480a28df65ea89d4ee44d81a5,537ea71adf606d2517857e5c3bf7f544ece64125c329db7ca130dca4887dbaff,7aa08af9f501e50f41452eae8eb99ad818c4bad7508a2cc864d4cfff2a05d4f3,44,180,49.256645,periodic,51901,0.0003996657324023545,0.10758092254400253,0.02053358326718915,0.3684742996219314,0.0,0.0,0.0,0.04447959185830968,0.032134056091308594,8.779978816164657e-05,0.00015752986655570567,0.0007152924663387239,0.0006380408303812146
/home/j/Isaac_RL_Projects/quadcopter_waypoint/logs/rl_games/actor_preserving_formal_lambda50/seed44/nn/last_actor_preserving_formal_lambda50_ep_190_rew_55.789837.pth,a466631f724150ed477ea0d495943738fa6ad7e88ce9eb842aa1a6fc94aba438,1cadbdaa3a13b64dc3dd9e9c7fd0ebeb344adddd23e1ab53748eb0fe5d696653,f1fb2a05bb9161b6617cfe9696565fa40052c72d254bd3d51fe4ad6626eda979,7aa08af9f501e50f41452eae8eb99ad818c4bad7508a2cc864d4cfff2a05d4f3,44,190,55.789837,periodic,51901,0.00021078712597955018,0.07687586545944214,0.02143308781372221,0.3806472337245106,0.0,0.0,0.0,0.04454292627411612,0.032618045806884766,0.0001201160266646184,0.00017136336828116328,0.00025617339997552335,0.0002954957017209381
/home/j/Isaac_RL_Projects/quadcopter_waypoint/logs/rl_games/actor_preserving_formal_lambda50/seed44/nn/last_actor_preserving_formal_lambda50_ep_200_rew_61.19736.pth,dd1cc8fba4e7c7e5e225599b5aa54654e648eda5d90badf8f3603b05c160202a,566e3d988d83d47d4021c091187aa08bd628df41f753c0d3f42ec5b0bc801c04,d37d7abc32b3a78af823d97685e5e4ab2db642e058b3b3a4ea16bb477bc4e8fa,7aa08af9f501e50f41452eae8eb99ad818c4bad7508a2cc864d4cfff2a05d4f3,44,200,61.19736,periodic,51901,0.00027129874797537923,0.08484099805355072,0.022418301899247095,0.4003387483623903,0.0,0.0,0.0,0.04137266943271054,0.03254294395446777,0.00022609646839555353,0.0001329222141066566,0.0005242574843578041,0.00020191891235299408
/home/j/Isaac_RL_Projects/quadcopter_waypoint/logs/imitation/actor_preserving_ppo/bc_init_separate_formal_lambda50.pth,ff87150ad17c726494cd2dd6bb9d8666e3849658707cc921b68cc61eae111249,4a917d9f5ff41bd59f10ce964cb8838ef529600c117fff94e9c2d576cefe1b77,a23f8c5f6c10ea7af7f4a11b79c279b6a1a055af05ac4bd3f7b9201bdb0f30e1,7aa08af9f501e50f41452eae8eb99ad818c4bad7508a2cc864d4cfff2a05d4f3,,0,0.0,bc_init,51901,0.0,0.0,0.0,0.0,0.0,0.0,0.0,0.0,0.0,0.0,0.0,0.0,0.0
