checkpoint_path,checkpoint_sha256,actor_sha256,actor_rms_sha256,critic_sha256,observation_rms_sha256,train_seed,epoch,training_reward,kind,eval_seed,episodes,num_envs,agent,output_csv,output_log,settled_episodes,failure_deck_miss_count,failure_ground_crash_count,failure_hard_contact_count,failure_timeout_count,contact_success_rate,deck_miss_rate,first_contact_body_deck_normal_angle_mean_rad,first_contact_body_deck_normal_angle_p95_rad,first_contact_normal_relative_speed_mean_mps,first_contact_normal_relative_speed_p95_mps,first_contact_tangential_relative_speed_mean_mps,first_contact_tangential_relative_speed_p95_mps,first_contact_xy_error_mean_m,first_contact_xy_error_p95_m,ground_crash_rate,hard_contact_rate,maximum_penetration_mean_m,maximum_penetration_p95_m,settled_landing_rate,timeout_rate,touchdown_distance_mean_m,touchdown_distance_p95_m,method
/home/j/Isaac_RL_Projects/quadcopter_waypoint/logs/rl_games/p8b_formal_lambda50/seed42/nn/p8b_formal_lambda50.pth,82679de01f6077d9dd6a42e474588d6665333bf74e2df43ead9b29904d17aa0a,b50ad5ea3dfb826a2e585f3c85f694d8b6c0c18a03c1e8a10b98869661efa93f,3a3a5c720929e6bb17e785e680be5b396d82ee5c5ec8a970075a34339ed20af2,0a01de3a8c78b2c8766fbdbb5e9d7e00de409612d5af9ab8890354aca68849bb,7aa08af9f501e50f41452eae8eb99ad818c4bad7508a2cc864d4cfff2a05d4f3,42,91,70.35635375976562,reward_selected,245,256,64,rl_games_p8b_cfg_entry_point,/home/j/Isaac_RL_Projects/quadcopter_waypoint/logs/imitation/p8b_actor_preserving/formal_test/raw/seed42_reward_selected_ep91_82679de01f60/eval_seed245.csv,/home/j/Isaac_RL_Projects/quadcopter_waypoint/logs/imitation/p8b_actor_preserving/formal_test/raw/seed42_reward_selected_ep91_82679de01f60/eval_seed245.log,250,6,0,0,0,1,0.0234375,0.029211645170580596,0.09457785040140151,-0.15314881884120404,0.004535152087919366,0.14570210483670235,0.283839663863182,0.04470652463007718,0.08307122364640235,0,0,0.019983875779871596,0.020170514937490225,0.9765625,0,0.05222715211194009,0.09472242593765258,metric_selected
/home/j/Isaac_RL_Projects/quadcopter_waypoint/logs/rl_games/p8b_formal_lambda50/seed42/nn/p8b_formal_lambda50.pth,82679de01f6077d9dd6a42e474588d6665333bf74e2df43ead9b29904d17aa0a,b50ad5ea3dfb826a2e585f3c85f694d8b6c0c18a03c1e8a10b98869661efa93f,3a3a5c720929e6bb17e785e680be5b396d82ee5c5ec8a970075a34339ed20af2,0a01de3a8c78b2c8766fbdbb5e9d7e00de409612d5af9ab8890354aca68849bb,7aa08af9f501e50f41452eae8eb99ad818c4bad7508a2cc864d4cfff2a05d4f3,42,91,70.35635375976562,reward_selected,245,256,64,rl_games_p8b_cfg_entry_point,/home/j/Isaac_RL_Projects/quadcopter_waypoint/logs/imitation/p8b_actor_preserving/formal_test/raw/seed42_reward_selected_ep91_82679de01f60/eval_seed245.csv,/home/j/Isaac_RL_Projects/quadcopter_waypoint/logs/imitation/p8b_actor_preserving/formal_test/raw/seed42_reward_selected_ep91_82679de01f60/eval_seed245.log,250,6,0,0,0,1,0.0234375,0.029211645170580596,0.09457785040140151,-0.15314881884120404,0.004535152087919366,0.14570210483670235,0.283839663863182,0.04470652463007718,0.08307122364640235,0,0,0.019983875779871596,0.020170514937490225,0.9765625,0,0.05222715211194009,0.09472242593765258,reward_selected
/home/j/Isaac_RL_Projects/quadcopter_waypoint/logs/rl_games/p8b_formal_lambda50/seed42/nn/p8b_formal_lambda50.pth,82679de01f6077d9dd6a42e474588d6665333bf74e2df43ead9b29904d17aa0a,b50ad5ea3dfb826a2e585f3c85f694d8b6c0c18a03c1e8a10b98869661efa93f,3a3a5c720929e6bb17e785e680be5b396d82ee5c5ec8a970075a34339ed20af2,0a01de3a8c78b2c8766fbdbb5e9d7e00de409612d5af9ab8890354aca68849bb,7aa08af9f501e50f41452eae8eb99ad818c4bad7508a2cc864d4cfff2a05d4f3,42,91,70.35635375976562,reward_selected,246,256,64,rl_games_p8b_cfg_entry_point,/home/j/Isaac_RL_Projects/quadcopter_waypoint/logs/imitation/p8b_actor_preserving/formal_test/raw/seed42_reward_selected_ep91_82679de01f60/eval_seed246.csv,/home/j/Isaac_RL_Projects/quadcopter_waypoint/logs/imitation/p8b_actor_preserving/formal_test/raw/seed42_reward_selected_ep91_82679de01f60/eval_seed246.log,250,6,0,0,0,0.99609375,0.0234375,0.026493203914607875,0.08405764624476433,-0.15294310066942127,0.0038451692555099603,0.1468721196167171,0.2879214227199554,0.047329773562029005,0.09270485602319235,0,0,0.019960372937930515,0.02016895543783903,0.9765625,0,0.05524457420851104,0.10542297586798667,metric_selected
/home/j/Isaac_RL_Projects/quadcopter_waypoint/logs/rl_games/p8b_formal_lambda50/seed42/nn/p8b_formal_lambda50.pth,82679de01f6077d9dd6a42e474588d6665333bf74e2df43ead9b29904d17aa0a,b50ad5ea3dfb826a2e585f3c85f694d8b6c0c18a03c1e8a10b98869661efa93f,3a3a5c720929e6bb17e785e680be5b396d82ee5c5ec8a970075a34339ed20af2,0a01de3a8c78b2c8766fbdbb5e9d7e00de409612d5af9ab8890354aca68849bb,7aa08af9f501e50f41452eae8eb99ad818c4bad7508a2cc864d4cfff2a05d4f3,42,91,70.35635375976562,reward_selected,246,256,64,rl_games_p8b_cfg_entry_point,/home/j/Isaac_RL_Projects/quadcopter_waypoint/logs/imitation/p8b_actor_preserving/formal_test/raw/seed42_reward_selected_ep91_82679de01f60/eval_seed246.csv,/home/j/Isaac_RL_Projects/quadcopter_waypoint/logs/imitation/p8b_actor_preserving/formal_test/raw/seed42_reward_selected_ep91_82679de01f60/eval_seed246.log,250,6,0,0,0,0.99609375,0.0234375,0.026493203914607875,0.08405764624476433,-0.15294310066942127,0.0038451692555099603,0.1468721196167171,0.2879214227199554,0.047329773562029005,0.09270485602319235,0,0,0.019960372937930515,0.02016895543783903,0.9765625,0,0.05524457420851104,0.10542297586798667,reward_selected
/home/j/Isaac_RL_Projects/quadcopter_waypoint/logs/rl_games/p8b_formal_lambda50/seed42/nn/p8b_formal_lambda50.pth,82679de01f6077d9dd6a42e474588d6665333bf74e2df43ead9b29904d17aa0a,b50ad5ea3dfb826a2e585f3c85f694d8b6c0c18a03c1e8a10b98869661efa93f,3a3a5c720929e6bb17e785e680be5b396d82ee5c5ec8a970075a34339ed20af2,0a01de3a8c78b2c8766fbdbb5e9d7e00de409612d5af9ab8890354aca68849bb,7aa08af9f501e50f41452eae8eb99ad818c4bad7508a2cc864d4cfff2a05d4f3,42,91,70.35635375976562,reward_selected,247,256,64,rl_games_p8b_cfg_entry_point,/home/j/Isaac_RL_Projects/quadcopter_waypoint/logs/imitation/p8b_actor_preserving/formal_test/raw/seed42_reward_selected_ep91_82679de01f60/eval_seed247.csv,/home/j/Isaac_RL_Projects/quadcopter_waypoint/logs/imitation/p8b_actor_preserving/formal_test/raw/seed42_reward_selected_ep91_82679de01f60/eval_seed247.log,251,5,0,0,0,0.99609375,0.01953125,0.028858992972979843,0.10144103690981865,-0.14969653637515773,0.03968053124845028,0.16077370913810582,0.31020912528038025,0.04656536936336957,0.08299409225583076,0,0,0.019992190827906597,0.02015389734879136,0.98046875,0,0.053560459149622944,0.09610239416360855,metric_selected
/home/j/Isaac_RL_Projects/quadcopter_waypoint/logs/rl_games/p8b_formal_lambda50/seed42/nn/p8b_formal_lambda50.pth,82679de01f6077d9dd6a42e474588d6665333bf74e2df43ead9b29904d17aa0a,b50ad5ea3dfb826a2e585f3c85f694d8b6c0c18a03c1e8a10b98869661efa93f,3a3a5c720929e6bb17e785e680be5b396d82ee5c5ec8a970075a34339ed20af2,0a01de3a8c78b2c8766fbdbb5e9d7e00de409612d5af9ab8890354aca68849bb,7aa08af9f501e50f41452eae8eb99ad818c4bad7508a2cc864d4cfff2a05d4f3,42,91,70.35635375976562,reward_selected,247,256,64,rl_games_p8b_cfg_entry_point,/home/j/Isaac_RL_Projects/quadcopter_waypoint/logs/imitation/p8b_actor_preserving/formal_test/raw/seed42_reward_selected_ep91_82679de01f60/eval_seed247.csv,/home/j/Isaac_RL_Projects/quadcopter_waypoint/logs/imitation/p8b_actor_preserving/formal_test/raw/seed42_reward_selected_ep91_82679de01f60/eval_seed247.log,251,5,0,0,0,0.99609375,0.01953125,0.028858992972979843,0.10144103690981865,-0.14969653637515773,0.03968053124845028,0.16077370913810582,0.31020912528038025,0.04656536936336957,0.08299409225583076,0,0,0.019992190827906597,0.02015389734879136,0.98046875,0,0.053560459149622944,0.09610239416360855,reward_selected
/home/j/Isaac_RL_Projects/quadcopter_waypoint/logs/rl_games/p8b_formal_lambda50/seed42/nn/last_p8b_formal_lambda50_ep_200_rew_60.280838.pth,6f17b77536a9baea41f2cd8054d57848febc5a72796b70b676c6c7ad3fc88804,d82ce783263ccb8784b36dbefea1b27a276cf8d28d390267f81b507411145ef2,d73cbdf7721f9275b5e957c871eb37d5fe40f97f76509c278fb55288b1d7822b,36cfa20c0480cfb48718c321f8880dffc7363b1289b3ee89fc5389a95698a77b,7aa08af9f501e50f41452eae8eb99ad818c4bad7508a2cc864d4cfff2a05d4f3,42,200,60.280838,periodic,245,256,64,rl_games_p8b_cfg_entry_point,/home/j/Isaac_RL_Projects/quadcopter_waypoint/logs/imitation/p8b_actor_preserving/formal_test/raw/seed42_periodic_ep200_6f17b77536a9/eval_seed245.csv,/home/j/Isaac_RL_Projects/quadcopter_waypoint/logs/imitation/p8b_actor_preserving/formal_test/raw/seed42_periodic_ep200_6f17b77536a9/eval_seed245.log,244,12,0,1,0,1,0.046875,0.027285599515947025,0.08636874631047249,-0.1659266034610661,-0.010681856377050308,0.2268227793459521,0.4553012251853943,0.05955763447258743,0.1062248509377241,0,0.00390625,0.019846224317007,0.02018829481676221,0.953125,0,0.06177238783738041,0.10552847012877464,last
/home/j/Isaac_RL_Projects/quadcopter_waypoint/logs/rl_games/p8b_formal_lambda50/seed42/nn/last_p8b_formal_lambda50_ep_200_rew_60.280838.pth,6f17b77536a9baea41f2cd8054d57848febc5a72796b70b676c6c7ad3fc88804,d82ce783263ccb8784b36dbefea1b27a276cf8d28d390267f81b507411145ef2,d73cbdf7721f9275b5e957c871eb37d5fe40f97f76509c278fb55288b1d7822b,36cfa20c0480cfb48718c321f8880dffc7363b1289b3ee89fc5389a95698a77b,7aa08af9f501e50f41452eae8eb99ad818c4bad7508a2cc864d4cfff2a05d4f3,42,200,60.280838,periodic,246,256,64,rl_games_p8b_cfg_entry_point,/home/j/Isaac_RL_Projects/quadcopter_waypoint/logs/imitation/p8b_actor_preserving/formal_test/raw/seed42_periodic_ep200_6f17b77536a9/eval_seed246.csv,/home/j/Isaac_RL_Projects/quadcopter_waypoint/logs/imitation/p8b_actor_preserving/formal_test/raw/seed42_periodic_ep200_6f17b77536a9/eval_seed246.log,240,16,0,0,0,1,0.0625,0.033018958253402765,0.1026877038180828,-0.1712034211945138,0.00010540598887017816,0.22209041106398217,0.4831642180681229,0.05762934067752212,0.10566380694508552,0,0,0.01980704808374867,0.020203343126922846,0.9375,0,0.05916209162872595,0.1076776262372732,last
/home/j/Isaac_RL_Projects/quadcopter_waypoint/logs/rl_games/p8b_formal_lambda50/seed42/nn/last_p8b_formal_lambda50_ep_200_rew_60.280838.pth,6f17b77536a9baea41f2cd8054d57848febc5a72796b70b676c6c7ad3fc88804,d82ce783263ccb8784b36dbefea1b27a276cf8d28d390267f81b507411145ef2,d73cbdf7721f9275b5e957c871eb37d5fe40f97f76509c278fb55288b1d7822b,36cfa20c0480cfb48718c321f8880dffc7363b1289b3ee89fc5389a95698a77b,7aa08af9f501e50f41452eae8eb99ad818c4bad7508a2cc864d4cfff2a05d4f3,42,200,60.280838,periodic,247,256,64,rl_games_p8b_cfg_entry_point,/home/j/Isaac_RL_Projects/quadcopter_waypoint/logs/imitation/p8b_actor_preserving/formal_test/raw/seed42_periodic_ep200_6f17b77536a9/eval_seed247.csv,/home/j/Isaac_RL_Projects/quadcopter_waypoint/logs/imitation/p8b_actor_preserving/formal_test/raw/seed42_periodic_ep200_6f17b77536a9/eval_seed247.log,238,18,0,0,0,0.9921875,0.0703125,0.03323386687572122,0.10097725316882132,-0.17137260780524963,0.0026616344111971314,0.2235435767514052,0.450785681605339,0.059065817507030834,0.10207582376897334,0,0,0.019874094923579833,0.02016019355505705,0.9296875,0,0.05977527762982337,0.10478281453251838,last
/home/j/Isaac_RL_Projects/quadcopter_waypoint/logs/rl_games/p8b_formal_lambda50/seed43/nn/last_p8b_formal_lambda50_ep_30_rew_63.345257.pth,6dedf416fe82f99a85f294fc12fc722f4eeeadc675176adcb8a5deae22fac417,102247969730cb93b207a8b80b9585c95f93342d05e11419943994fe0059b630,2da089ad28ded0ee1695667b20e88c4c5983d3f2c3663de9c3e868dbb2e240c9,0c441f55636885dc3444088606e3bae77edd65e32cc1782767701ddeac8957f5,7aa08af9f501e50f41452eae8eb99ad818c4bad7508a2cc864d4cfff2a05d4f3,43,30,63.345257,periodic,245,256,64,rl_games_p8b_cfg_entry_point,/home/j/Isaac_RL_Projects/quadcopter_waypoint/logs/imitation/p8b_actor_preserving/formal_test/raw/seed43_periodic_ep30_6dedf416fe82/eval_seed245.csv,/home/j/Isaac_RL_Projects/quadcopter_waypoint/logs/imitation/p8b_actor_preserving/formal_test/raw/seed43_periodic_ep30_6dedf416fe82/eval_seed245.log,246,9,0,0,1,1,0.03515625,0.032368993131080416,0.10481896065175533,-0.1462224610646755,0.010104876710101962,0.16011964079329546,0.36848994344472885,0.05154447784321761,0.0947781354188919,0,0,0.019916737161111087,0.02011490147560835,0.9609375,0.00390625,0.05453837818155686,0.1014903225004673,metric_selected
/home/j/Isaac_RL_Projects/quadcopter_waypoint/logs/rl_games/p8b_formal_lambda50/seed43/nn/last_p8b_formal_lambda50_ep_30_rew_63.345257.pth,6dedf416fe82f99a85f294fc12fc722f4eeeadc675176adcb8a5deae22fac417,102247969730cb93b207a8b80b9585c95f93342d05e11419943994fe0059b630,2da089ad28ded0ee1695667b20e88c4c5983d3f2c3663de9c3e868dbb2e240c9,0c441f55636885dc3444088606e3bae77edd65e32cc1782767701ddeac8957f5,7aa08af9f501e50f41452eae8eb99ad818c4bad7508a2cc864d4cfff2a05d4f3,43,30,63.345257,periodic,246,256,64,rl_games_p8b_cfg_entry_point,/home/j/Isaac_RL_Projects/quadcopter_waypoint/logs/imitation/p8b_actor_preserving/formal_test/raw/seed43_periodic_ep30_6dedf416fe82/eval_seed246.csv,/home/j/Isaac_RL_Projects/quadcopter_waypoint/logs/imitation/p8b_actor_preserving/formal_test/raw/seed43_periodic_ep30_6dedf416fe82/eval_seed246.log,248,8,0,0,0,1,0.03125,0.030986039024531738,0.09839459173381322,-0.15217136288476701,0.0007997090986463547,0.1698423500262922,0.35344521552324293,0.05203928568047441,0.09930021762847897,0,0,0.019837922915030504,0.020150476600974798,0.96875,0,0.05447474159283898,0.10571599490940568,metric_selected
/home/j/Isaac_RL_Projects/quadcopter_waypoint/logs/rl_games/p8b_formal_lambda50/seed43/nn/last_p8b_formal_lambda50_ep_30_rew_63.345257.pth,6dedf416fe82f99a85f294fc12fc722f4eeeadc675176adcb8a5deae22fac417,102247969730cb93b207a8b80b9585c95f93342d05e11419943994fe0059b630,2da089ad28ded0ee1695667b20e88c4c5983d3f2c3663de9c3e868dbb2e240c9,0c441f55636885dc3444088606e3bae77edd65e32cc1782767701ddeac8957f5,7aa08af9f501e50f41452eae8eb99ad818c4bad7508a2cc864d4cfff2a05d4f3,43,30,63.345257,periodic,247,256,64,rl_games_p8b_cfg_entry_point,/home/j/Isaac_RL_Projects/quadcopter_waypoint/logs/imitation/p8b_actor_preserving/formal_test/raw/seed43_periodic_ep30_6dedf416fe82/eval_seed247.csv,/home/j/Isaac_RL_Projects/quadcopter_waypoint/logs/imitation/p8b_actor_preserving/formal_test/raw/seed43_periodic_ep30_6dedf416fe82/eval_seed247.log,247,9,0,0,0,1,0.03515625,0.029550141591987825,0.09832265675067901,-0.13911011324241485,-0.010413286183029426,0.17199057061979284,0.3778003007173537,0.05570927665282328,0.10253534018993377,0,0,0.019932543273171177,0.020122858230024576,0.96484375,0,0.05791657700614348,0.10747081339359282,metric_selected
/home/j/Isaac_RL_Projects/quadcopter_waypoint/logs/rl_games/p8b_formal_lambda50/seed43/nn/p8b_formal_lambda50.pth,4202453317c5059d5b784f654d16c7e48e1c84336382dc57549230ac788001ef,285efb9b5cb78a6e22ee45410cec0941f4724d150885b6ab1b24f033bc7e2481,e7e2ddf85bcd1231b9c806e16ca8025083883f094cea5eba537536d546a9a975,0a89a43715c44ea811d8314a9012c88603e7fd7a9138d740075b4f2ae93e769a,7aa08af9f501e50f41452eae8eb99ad818c4bad7508a2cc864d4cfff2a05d4f3,43,128,64.90492248535156,reward_selected,245,256,64,rl_games_p8b_cfg_entry_point,/home/j/Isaac_RL_Projects/quadcopter_waypoint/logs/imitation/p8b_actor_preserving/formal_test/raw/seed43_reward_selected_ep128_4202453317c5/eval_seed245.csv,/home/j/Isaac_RL_Projects/quadcopter_waypoint/logs/imitation/p8b_actor_preserving/formal_test/raw/seed43_reward_selected_ep128_4202453317c5/eval_seed245.log,240,15,0,1,1,1,0.05859375,0.038371998047296074,0.11122418604791143,-0.16534819578713117,-0.017884775437414648,0.21288594633806496,0.4392932951450348,0.0629158502886033,0.10902202539145947,0,0.00390625,0.019762511150474893,0.02015645056962967,0.9375,0.00390625,0.06572904708033699,0.1157719511538744,reward_selected
/home/j/Isaac_RL_Projects/quadcopter_waypoint/logs/rl_games/p8b_formal_lambda50/seed43/nn/p8b_formal_lambda50.pth,4202453317c5059d5b784f654d16c7e48e1c84336382dc57549230ac788001ef,285efb9b5cb78a6e22ee45410cec0941f4724d150885b6ab1b24f033bc7e2481,e7e2ddf85bcd1231b9c806e16ca8025083883f094cea5eba537536d546a9a975,0a89a43715c44ea811d8314a9012c88603e7fd7a9138d740075b4f2ae93e769a,7aa08af9f501e50f41452eae8eb99ad818c4bad7508a2cc864d4cfff2a05d4f3,43,128,64.90492248535156,reward_selected,246,256,64,rl_games_p8b_cfg_entry_point,/home/j/Isaac_RL_Projects/quadcopter_waypoint/logs/imitation/p8b_actor_preserving/formal_test/raw/seed43_reward_selected_ep128_4202453317c5/eval_seed246.csv,/home/j/Isaac_RL_Projects/quadcopter_waypoint/logs/imitation/p8b_actor_preserving/formal_test/raw/seed43_reward_selected_ep128_4202453317c5/eval_seed246.log,234,22,0,0,0,1,0.0859375,0.04129039294968964,0.1261672630906105,-0.1679007298169801,-0.017614028509706274,0.21263943694563758,0.41290229856967925,0.056275258981025755,0.1025601539760828,0,0,0.01974344915652182,0.02017910871654749,0.9140625,0,0.06017845471461232,0.10944153182208538,reward_selected
/home/j/Isaac_RL_Projects/quadcopter_waypoint/logs/rl_games/p8b_formal_lambda50/seed43/nn/p8b_formal_lambda50.pth,4202453317c5059d5b784f654d16c7e48e1c84336382dc57549230ac788001ef,285efb9b5cb78a6e22ee45410cec0941f4724d150885b6ab1b24f033bc7e2481,e7e2ddf85bcd1231b9c806e16ca8025083883f094cea5eba537536d546a9a975,0a89a43715c44ea811d8314a9012c88603e7fd7a9138d740075b4f2ae93e769a,7aa08af9f501e50f41452eae8eb99ad818c4bad7508a2cc864d4cfff2a05d4f3,43,128,64.90492248535156,reward_selected,247,256,64,rl_games_p8b_cfg_entry_point,/home/j/Isaac_RL_Projects/quadcopter_waypoint/logs/imitation/p8b_actor_preserving/formal_test/raw/seed43_reward_selected_ep128_4202453317c5/eval_seed247.csv,/home/j/Isaac_RL_Projects/quadcopter_waypoint/logs/imitation/p8b_actor_preserving/formal_test/raw/seed43_reward_selected_ep128_4202453317c5/eval_seed247.log,236,20,0,0,0,0.99609375,0.078125,0.044520871802548864,0.12540139257907867,-0.17267328426187614,-0.0053503014642046764,0.21153180270013794,0.41747165471315384,0.06313953302421813,0.10558071546256542,0,0,0.019860731015796773,0.020171306561678648,0.921875,0,0.06655660268290252,0.11353742145001888,reward_selected
/home/j/Isaac_RL_Projects/quadcopter_waypoint/logs/rl_games/p8b_formal_lambda50/seed43/nn/last_p8b_formal_lambda50_ep_200_rew_53.727707.pth,9bf6eab84d20227415264e1a444ce8b953c1a6f65ede2de88f55893b408f431b,ecf3beaa1a6777e27554f633b4c3c2fdab99bb609bf9795853874d4d41f3df1e,a66a36816ad113a02517ad9f17bb143a26289a55d834f7492932f7e580f83eb2,407012035d00f8125541f3c32b493f312ad1e696cb4519731903b61f3a52619c,7aa08af9f501e50f41452eae8eb99ad818c4bad7508a2cc864d4cfff2a05d4f3,43,200,53.727707,periodic,245,256,64,rl_games_p8b_cfg_entry_point,/home/j/Isaac_RL_Projects/quadcopter_waypoint/logs/imitation/p8b_actor_preserving/formal_test/raw/seed43_periodic_ep200_9bf6eab84d20/eval_seed245.csv,/home/j/Isaac_RL_Projects/quadcopter_waypoint/logs/imitation/p8b_actor_preserving/formal_test/raw/seed43_periodic_ep200_9bf6eab84d20/eval_seed245.log,242,14,0,0,0,1,0.0546875,0.03746657065079309,0.11356938257813451,-0.17408227522940228,0.00942898453213273,0.25693518716855407,0.5463009774684905,0.05672339718665712,0.09759831726551056,0,0,0.019769716978771612,0.02018251270055771,0.9453125,0,0.057927230215238885,0.10163189992308615,last
/home/j/Isaac_RL_Projects/quadcopter_waypoint/logs/rl_games/p8b_formal_lambda50/seed43/nn/last_p8b_formal_lambda50_ep_200_rew_53.727707.pth,9bf6eab84d20227415264e1a444ce8b953c1a6f65ede2de88f55893b408f431b,ecf3beaa1a6777e27554f633b4c3c2fdab99bb609bf9795853874d4d41f3df1e,a66a36816ad113a02517ad9f17bb143a26289a55d834f7492932f7e580f83eb2,407012035d00f8125541f3c32b493f312ad1e696cb4519731903b61f3a52619c,7aa08af9f501e50f41452eae8eb99ad818c4bad7508a2cc864d4cfff2a05d4f3,43,200,53.727707,periodic,246,256,64,rl_games_p8b_cfg_entry_point,/home/j/Isaac_RL_Projects/quadcopter_waypoint/logs/imitation/p8b_actor_preserving/formal_test/raw/seed43_periodic_ep200_9bf6eab84d20/eval_seed246.csv,/home/j/Isaac_RL_Projects/quadcopter_waypoint/logs/imitation/p8b_actor_preserving/formal_test/raw/seed43_periodic_ep200_9bf6eab84d20/eval_seed246.log,232,24,0,0,0,1,0.09375,0.040546169050904954,0.1165773745626211,-0.19365147962475773,-0.013531860988587194,0.26376309689407335,0.5254214912652968,0.057259399058489965,0.10401788279414177,0,0,0.019746939586184453,0.020175244193524122,0.90625,0,0.05830459790464876,0.1104564044624567,last
/home/j/Isaac_RL_Projects/quadcopter_waypoint/logs/rl_games/p8b_formal_lambda50/seed43/nn/last_p8b_formal_lambda50_ep_200_rew_53.727707.pth,9bf6eab84d20227415264e1a444ce8b953c1a6f65ede2de88f55893b408f431b,ecf3beaa1a6777e27554f633b4c3c2fdab99bb609bf9795853874d4d41f3df1e,a66a36816ad113a02517ad9f17bb143a26289a55d834f7492932f7e580f83eb2,407012035d00f8125541f3c32b493f312ad1e696cb4519731903b61f3a52619c,7aa08af9f501e50f41452eae8eb99ad818c4bad7508a2cc864d4cfff2a05d4f3,43,200,53.727707,periodic,247,256,64,rl_games_p8b_cfg_entry_point,/home/j/Isaac_RL_Projects/quadcopter_waypoint/logs/imitation/p8b_actor_preserving/formal_test/raw/seed43_periodic_ep200_9bf6eab84d20/eval_seed247.csv,/home/j/Isaac_RL_Projects/quadcopter_waypoint/logs/imitation/p8b_actor_preserving/formal_test/raw/seed43_periodic_ep200_9bf6eab84d20/eval_seed247.log,240,16,0,0,0,1,0.0625,0.03822989404240313,0.12961356788873674,-0.1816498433802432,-0.007566521107219189,0.2748859875641453,0.562815272808075,0.059909539252112155,0.1085609171539545,0,0,0.01985720285665593,0.020157305989414454,0.9375,0,0.06115187135680268,0.11240207962691783,last
/home/j/Isaac_RL_Projects/quadcopter_waypoint/logs/rl_games/p8b_formal_lambda50/seed44/nn/p8b_formal_lambda50.pth,49d1271607c39c9272839592342dc17efb76bc698879b813c481681ad2d7b15e,07ba42764876d90778c8eca4bf5b867a45c377051e5d6e3835305698ceca73da,cc118207347d83d8984614965daaf76ef88c154d30ea145abe55ce5119a206b3,3cfdb3605e3de87518d7af1f09543916052969dbb026290152775fa746d8e753,7aa08af9f501e50f41452eae8eb99ad818c4bad7508a2cc864d4cfff2a05d4f3,44,51,66.5006332397461,reward_selected,245,256,64,rl_games_p8b_cfg_entry_point,/home/j/Isaac_RL_Projects/quadcopter_waypoint/logs/imitation/p8b_actor_preserving/formal_test/raw/seed44_reward_selected_ep51_49d1271607c3/eval_seed245.csv,/home/j/Isaac_RL_Projects/quadcopter_waypoint/logs/imitation/p8b_actor_preserving/formal_test/raw/seed44_reward_selected_ep51_49d1271607c3/eval_seed245.log,244,11,0,1,0,0.98828125,0.04296875,0.02877689469173898,0.09027738086879253,-0.13983972556459656,-0.0057397916913032605,0.1654424283455019,0.3646111831068993,0.052917926515964026,0.09831057228147982,0,0.00390625,0.019669269295263803,0.020119912456721067,0.953125,0,0.056239812463125,0.1048951257020235,metric_selected
/home/j/Isaac_RL_Projects/quadcopter_waypoint/logs/rl_games/p8b_formal_lambda50/seed44/nn/p8b_formal_lambda50.pth,49d1271607c39c9272839592342dc17efb76bc698879b813c481681ad2d7b15e,07ba42764876d90778c8eca4bf5b867a45c377051e5d6e3835305698ceca73da,cc118207347d83d8984614965daaf76ef88c154d30ea145abe55ce5119a206b3,3cfdb3605e3de87518d7af1f09543916052969dbb026290152775fa746d8e753,7aa08af9f501e50f41452eae8eb99ad818c4bad7508a2cc864d4cfff2a05d4f3,44,51,66.5006332397461,reward_selected,245,256,64,rl_games_p8b_cfg_entry_point,/home/j/Isaac_RL_Projects/quadcopter_waypoint/logs/imitation/p8b_actor_preserving/formal_test/raw/seed44_reward_selected_ep51_49d1271607c3/eval_seed245.csv,/home/j/Isaac_RL_Projects/quadcopter_waypoint/logs/imitation/p8b_actor_preserving/formal_test/raw/seed44_reward_selected_ep51_49d1271607c3/eval_seed245.log,244,11,0,1,0,0.98828125,0.04296875,0.02877689469173898,0.09027738086879253,-0.13983972556459656,-0.0057397916913032605,0.1654424283455019,0.3646111831068993,0.052917926515964026,0.09831057228147982,0,0.00390625,0.019669269295263803,0.020119912456721067,0.953125,0,0.056239812463125,0.1048951257020235,reward_selected
/home/j/Isaac_RL_Projects/quadcopter_waypoint/logs/rl_games/p8b_formal_lambda50/seed44/nn/p8b_formal_lambda50.pth,49d1271607c39c9272839592342dc17efb76bc698879b813c481681ad2d7b15e,07ba42764876d90778c8eca4bf5b867a45c377051e5d6e3835305698ceca73da,cc118207347d83d8984614965daaf76ef88c154d30ea145abe55ce5119a206b3,3cfdb3605e3de87518d7af1f09543916052969dbb026290152775fa746d8e753,7aa08af9f501e50f41452eae8eb99ad818c4bad7508a2cc864d4cfff2a05d4f3,44,51,66.5006332397461,reward_selected,246,256,64,rl_games_p8b_cfg_entry_point,/home/j/Isaac_RL_Projects/quadcopter_waypoint/logs/imitation/p8b_actor_preserving/formal_test/raw/seed44_reward_selected_ep51_49d1271607c3/eval_seed246.csv,/home/j/Isaac_RL_Projects/quadcopter_waypoint/logs/imitation/p8b_actor_preserving/formal_test/raw/seed44_reward_selected_ep51_49d1271607c3/eval_seed246.log,247,9,0,1,0,0.984375,0.03515625,0.028860167186162414,0.08578520640730858,-0.15124435749504458,-0.025386199355125434,0.16972778039430136,0.3615188628435135,0.05015879467286185,0.09299902394413948,0,0.00390625,0.019753727596253157,0.020134556107223034,0.96484375,0,0.05242163662304762,0.09542739018797873,metric_selected
/home/j/Isaac_RL_Projects/quadcopter_waypoint/logs/rl_games/p8b_formal_lambda50/seed44/nn/p8b_formal_lambda50.pth,49d1271607c39c9272839592342dc17efb76bc698879b813c481681ad2d7b15e,07ba42764876d90778c8eca4bf5b867a45c377051e5d6e3835305698ceca73da,cc118207347d83d8984614965daaf76ef88c154d30ea145abe55ce5119a206b3,3cfdb3605e3de87518d7af1f09543916052969dbb026290152775fa746d8e753,7aa08af9f501e50f41452eae8eb99ad818c4bad7508a2cc864d4cfff2a05d4f3,44,51,66.5006332397461,reward_selected,246,256,64,rl_games_p8b_cfg_entry_point,/home/j/Isaac_RL_Projects/quadcopter_waypoint/logs/imitation/p8b_actor_preserving/formal_test/raw/seed44_reward_selected_ep51_49d1271607c3/eval_seed246.csv,/home/j/Isaac_RL_Projects/quadcopter_waypoint/logs/imitation/p8b_actor_preserving/formal_test/raw/seed44_reward_selected_ep51_49d1271607c3/eval_seed246.log,247,9,0,1,0,0.984375,0.03515625,0.028860167186162414,0.08578520640730858,-0.15124435749504458,-0.025386199355125434,0.16972778039430136,0.3615188628435135,0.05015879467286185,0.09299902394413948,0,0.00390625,0.019753727596253157,0.020134556107223034,0.96484375,0,0.05242163662304762,0.09542739018797873,reward_selected
/home/j/Isaac_RL_Projects/quadcopter_waypoint/logs/rl_games/p8b_formal_lambda50/seed44/nn/p8b_formal_lambda50.pth,49d1271607c39c9272839592342dc17efb76bc698879b813c481681ad2d7b15e,07ba42764876d90778c8eca4bf5b867a45c377051e5d6e3835305698ceca73da,cc118207347d83d8984614965daaf76ef88c154d30ea145abe55ce5119a206b3,3cfdb3605e3de87518d7af1f09543916052969dbb026290152775fa746d8e753,7aa08af9f501e50f41452eae8eb99ad818c4bad7508a2cc864d4cfff2a05d4f3,44,51,66.5006332397461,reward_selected,247,256,64,rl_games_p8b_cfg_entry_point,/home/j/Isaac_RL_Projects/quadcopter_waypoint/logs/imitation/p8b_actor_preserving/formal_test/raw/seed44_reward_selected_ep51_49d1271607c3/eval_seed247.csv,/home/j/Isaac_RL_Projects/quadcopter_waypoint/logs/imitation/p8b_actor_preserving/formal_test/raw/seed44_reward_selected_ep51_49d1271607c3/eval_seed247.log,246,10,0,0,0,0.98828125,0.0390625,0.02778482138476433,0.09511737152934074,-0.13903773595045163,-0.024814166128635406,0.1602239621617657,0.3725482225418091,0.05187261073728948,0.09229254722595215,0,0,0.019870149732014397,0.0201229490339756,0.9609375,0,0.05320972113773545,0.09534291736781597,metric_selected
/home/j/Isaac_RL_Projects/quadcopter_waypoint/logs/rl_games/p8b_formal_lambda50/seed44/nn/p8b_formal_lambda50.pth,49d1271607c39c9272839592342dc17efb76bc698879b813c481681ad2d7b15e,07ba42764876d90778c8eca4bf5b867a45c377051e5d6e3835305698ceca73da,cc118207347d83d8984614965daaf76ef88c154d30ea145abe55ce5119a206b3,3cfdb3605e3de87518d7af1f09543916052969dbb026290152775fa746d8e753,7aa08af9f501e50f41452eae8eb99ad818c4bad7508a2cc864d4cfff2a05d4f3,44,51,66.5006332397461,reward_selected,247,256,64,rl_games_p8b_cfg_entry_point,/home/j/Isaac_RL_Projects/quadcopter_waypoint/logs/imitation/p8b_actor_preserving/formal_test/raw/seed44_reward_selected_ep51_49d1271607c3/eval_seed247.csv,/home/j/Isaac_RL_Projects/quadcopter_waypoint/logs/imitation/p8b_actor_preserving/formal_test/raw/seed44_reward_selected_ep51_49d1271607c3/eval_seed247.log,246,10,0,0,0,0.98828125,0.0390625,0.02778482138476433,0.09511737152934074,-0.13903773595045163,-0.024814166128635406,0.1602239621617657,0.3725482225418091,0.05187261073728948,0.09229254722595215,0,0,0.019870149732014397,0.0201229490339756,0.9609375,0,0.05320972113773545,0.09534291736781597,reward_selected
/home/j/Isaac_RL_Projects/quadcopter_waypoint/logs/rl_games/p8b_formal_lambda50/seed44/nn/last_p8b_formal_lambda50_ep_200_rew_61.19736.pth,dd1cc8fba4e7c7e5e225599b5aa54654e648eda5d90badf8f3603b05c160202a,566e3d988d83d47d4021c091187aa08bd628df41f753c0d3f42ec5b0bc801c04,86312151fd515f96298d91b2c76d02fdd6d108f92d7d874bee498e489733eb6b,d37d7abc32b3a78af823d97685e5e4ab2db642e058b3b3a4ea16bb477bc4e8fa,7aa08af9f501e50f41452eae8eb99ad818c4bad7508a2cc864d4cfff2a05d4f3,44,200,61.19736,periodic,245,256,64,rl_games_p8b_cfg_entry_point,/home/j/Isaac_RL_Projects/quadcopter_waypoint/logs/imitation/p8b_actor_preserving/formal_test/raw/seed44_periodic_ep200_dd1cc8fba4e7/eval_seed245.csv,/home/j/Isaac_RL_Projects/quadcopter_waypoint/logs/imitation/p8b_actor_preserving/formal_test/raw/seed44_periodic_ep200_dd1cc8fba4e7/eval_seed245.log,232,24,0,0,0,1,0.09375,0.024603673579961117,0.0762381315231323,-0.14873688231956952,-0.017415668861940577,0.18807899119364546,0.3723864525556564,0.0667779647407989,0.10820425786077977,0,0,0.019856142112985253,0.02011062065139413,0.90625,0,0.06663928910535921,0.11057793572545051,last
/home/j/Isaac_RL_Projects/quadcopter_waypoint/logs/rl_games/p8b_formal_lambda50/seed44/nn/last_p8b_formal_lambda50_ep_200_rew_61.19736.pth,dd1cc8fba4e7c7e5e225599b5aa54654e648eda5d90badf8f3603b05c160202a,566e3d988d83d47d4021c091187aa08bd628df41f753c0d3f42ec5b0bc801c04,86312151fd515f96298d91b2c76d02fdd6d108f92d7d874bee498e489733eb6b,d37d7abc32b3a78af823d97685e5e4ab2db642e058b3b3a4ea16bb477bc4e8fa,7aa08af9f501e50f41452eae8eb99ad818c4bad7508a2cc864d4cfff2a05d4f3,44,200,61.19736,periodic,246,256,64,rl_games_p8b_cfg_entry_point,/home/j/Isaac_RL_Projects/quadcopter_waypoint/logs/imitation/p8b_actor_preserving/formal_test/raw/seed44_periodic_ep200_dd1cc8fba4e7/eval_seed246.csv,/home/j/Isaac_RL_Projects/quadcopter_waypoint/logs/imitation/p8b_actor_preserving/formal_test/raw/seed44_periodic_ep200_dd1cc8fba4e7/eval_seed246.log,222,33,0,0,1,0.9921875,0.12890625,0.023337206316494115,0.07348016612231731,-0.1310985464550794,-0.016152972914278526,0.17763176221014546,0.3539514139294624,0.0633306231392707,0.1071797203272581,0,0,0.019877276765328133,0.020100606605410576,0.8671875,0.00390625,0.06582446799714219,0.11101615019142627,last
/home/j/Isaac_RL_Projects/quadcopter_waypoint/logs/rl_games/p8b_formal_lambda50/seed44/nn/last_p8b_formal_lambda50_ep_200_rew_61.19736.pth,dd1cc8fba4e7c7e5e225599b5aa54654e648eda5d90badf8f3603b05c160202a,566e3d988d83d47d4021c091187aa08bd628df41f753c0d3f42ec5b0bc801c04,86312151fd515f96298d91b2c76d02fdd6d108f92d7d874bee498e489733eb6b,d37d7abc32b3a78af823d97685e5e4ab2db642e058b3b3a4ea16bb477bc4e8fa,7aa08af9f501e50f41452eae8eb99ad818c4bad7508a2cc864d4cfff2a05d4f3,44,200,61.19736,periodic,247,256,64,rl_games_p8b_cfg_entry_point,/home/j/Isaac_RL_Projects/quadcopter_waypoint/logs/imitation/p8b_actor_preserving/formal_test/raw/seed44_periodic_ep200_dd1cc8fba4e7/eval_seed247.csv,/home/j/Isaac_RL_Projects/quadcopter_waypoint/logs/imitation/p8b_actor_preserving/formal_test/raw/seed44_periodic_ep200_dd1cc8fba4e7/eval_seed247.log,239,17,0,0,0,0.99609375,0.06640625,0.022871857436927167,0.0699887253344059,-0.1457541322113486,-0.006264653895050296,0.19076518347938876,0.3513067811727524,0.06362915075594505,0.11161448284983634,0,0,0.019919669510272797,0.020121384877711535,0.93359375,0,0.06445916471262482,0.11170039400458336,last
/home/j/Isaac_RL_Projects/quadcopter_waypoint/logs/imitation/p8b_actor_preserving/bc_init_separate_formal_lambda50.pth,ff87150ad17c726494cd2dd6bb9d8666e3849658707cc921b68cc61eae111249,4a917d9f5ff41bd59f10ce964cb8838ef529600c117fff94e9c2d576cefe1b77,66156a49912f656e29c6bd8bdea0a68018ebac336aa8dbfb9cacfbf3bdccd230,a23f8c5f6c10ea7af7f4a11b79c279b6a1a055af05ac4bd3f7b9201bdb0f30e1,7aa08af9f501e50f41452eae8eb99ad818c4bad7508a2cc864d4cfff2a05d4f3,,0,0.0,bc_init,245,256,64,rl_games_p8b_cfg_entry_point,/home/j/Isaac_RL_Projects/quadcopter_waypoint/logs/imitation/p8b_actor_preserving/formal_test/raw/global_bc_init_ep0_ff87150ad17c/eval_seed245.csv,/home/j/Isaac_RL_Projects/quadcopter_waypoint/logs/imitation/p8b_actor_preserving/formal_test/raw/global_bc_init_ep0_ff87150ad17c/eval_seed245.log,220,36,0,0,0,0.9921875,0.140625,0.03830032373000656,0.10389228016138073,-0.1615529120497575,-0.013094980316236656,0.2198564035479318,0.42960911542177194,0.05723596421197395,0.11456603966653346,0,0,0.01932713436690392,0.020124159287661314,0.859375,0,0.05597628173418343,0.10880058854818342,bc_only
/home/j/Isaac_RL_Projects/quadcopter_waypoint/logs/imitation/p8b_actor_preserving/bc_init_separate_formal_lambda50.pth,ff87150ad17c726494cd2dd6bb9d8666e3849658707cc921b68cc61eae111249,4a917d9f5ff41bd59f10ce964cb8838ef529600c117fff94e9c2d576cefe1b77,66156a49912f656e29c6bd8bdea0a68018ebac336aa8dbfb9cacfbf3bdccd230,a23f8c5f6c10ea7af7f4a11b79c279b6a1a055af05ac4bd3f7b9201bdb0f30e1,7aa08af9f501e50f41452eae8eb99ad818c4bad7508a2cc864d4cfff2a05d4f3,,0,0.0,bc_init,246,256,64,rl_games_p8b_cfg_entry_point,/home/j/Isaac_RL_Projects/quadcopter_waypoint/logs/imitation/p8b_actor_preserving/formal_test/raw/global_bc_init_ep0_ff87150ad17c/eval_seed246.csv,/home/j/Isaac_RL_Projects/quadcopter_waypoint/logs/imitation/p8b_actor_preserving/formal_test/raw/global_bc_init_ep0_ff87150ad17c/eval_seed246.log,225,31,0,0,0,0.99609375,0.12109375,0.03535264514024473,0.12463935613632195,-0.17277357978125413,-0.013734455406665895,0.22948125764727592,0.4284434616565704,0.06054333166115814,0.1122745081782341,0,0,0.019446607358986512,0.020153280347585678,0.87890625,0,0.05987632550713089,0.11088098436594009,bc_only
/home/j/Isaac_RL_Projects/quadcopter_waypoint/logs/imitation/p8b_actor_preserving/bc_init_separate_formal_lambda50.pth,ff87150ad17c726494cd2dd6bb9d8666e3849658707cc921b68cc61eae111249,4a917d9f5ff41bd59f10ce964cb8838ef529600c117fff94e9c2d576cefe1b77,66156a49912f656e29c6bd8bdea0a68018ebac336aa8dbfb9cacfbf3bdccd230,a23f8c5f6c10ea7af7f4a11b79c279b6a1a055af05ac4bd3f7b9201bdb0f30e1,7aa08af9f501e50f41452eae8eb99ad818c4bad7508a2cc864d4cfff2a05d4f3,,0,0.0,bc_init,247,256,64,rl_games_p8b_cfg_entry_point,/home/j/Isaac_RL_Projects/quadcopter_waypoint/logs/imitation/p8b_actor_preserving/formal_test/raw/global_bc_init_ep0_ff87150ad17c/eval_seed247.csv,/home/j/Isaac_RL_Projects/quadcopter_waypoint/logs/imitation/p8b_actor_preserving/formal_test/raw/global_bc_init_ep0_ff87150ad17c/eval_seed247.log,217,39,0,0,0,0.99609375,0.15234375,0.03456847737063139,0.10506127476692198,-0.16588653445196624,-0.012582228332757978,0.23374279854553087,0.44712487459182737,0.06258421902403166,0.11192735284566879,0,0,0.019563402282074094,0.020129053853452206,0.84765625,0,0.06041585614321075,0.11308813542127609,bc_only
/home/j/Isaac_RL_Projects/quadcopter_waypoint/logs/rl_games/quadcopter_ship_landing_physical_deck_attitude/expanded_from_p6b_ep990_16to22.pth,95424bb0d6b98d8dfbf2455d6fd84e99a77d52bca28489654036a25aea5a697d,e264b40bce2676a54b23afbd4cebf6478546a62c343bfde8d7d949b0ad92a0b2,cf04a763ad9581a319ec48cd159b76a59e6bd3c5a2efc9029ba99e08548559e4,,7aa08af9f501e50f41452eae8eb99ad818c4bad7508a2cc864d4cfff2a05d4f3,,990,65.09835052490234,reward_selected,245,256,64,,/home/j/Isaac_RL_Projects/quadcopter_waypoint/logs/imitation/p8a_checkpoint_selection/formal/raw/global_reward_selected_ep990_95424bb0d6b9/eval_seed245.csv,/home/j/Isaac_RL_Projects/quadcopter_waypoint/logs/imitation/p8a_checkpoint_selection/formal/raw/global_reward_selected_ep990_95424bb0d6b9/eval_seed245.log,247,9,0,0,0,1,0.03515625,0.034483517388750044,0.09891916587948797,-0.1598777727050488,-0.013598669599741703,0.20605623118413485,0.3978571623563766,0.056814917860937265,0.10092071518301964,0,0,0.019885354246071074,0.020159448496997356,0.96484375,0,0.058215613858698896,0.10490197688341141,frozen_teacher
/home/j/Isaac_RL_Projects/quadcopter_waypoint/logs/rl_games/quadcopter_ship_landing_physical_deck_attitude/expanded_from_p6b_ep990_16to22.pth,95424bb0d6b98d8dfbf2455d6fd84e99a77d52bca28489654036a25aea5a697d,e264b40bce2676a54b23afbd4cebf6478546a62c343bfde8d7d949b0ad92a0b2,cf04a763ad9581a319ec48cd159b76a59e6bd3c5a2efc9029ba99e08548559e4,,7aa08af9f501e50f41452eae8eb99ad818c4bad7508a2cc864d4cfff2a05d4f3,,990,65.09835052490234,reward_selected,246,256,64,,/home/j/Isaac_RL_Projects/quadcopter_waypoint/logs/imitation/p8a_checkpoint_selection/formal/raw/global_reward_selected_ep990_95424bb0d6b9/eval_seed246.csv,/home/j/Isaac_RL_Projects/quadcopter_waypoint/logs/imitation/p8a_checkpoint_selection/formal/raw/global_reward_selected_ep990_95424bb0d6b9/eval_seed246.log,233,23,0,0,0,1,0.08984375,0.035133996806901886,0.10654772222042082,-0.16643734405500726,-0.011849305033683795,0.21341071352202748,0.4184020102024076,0.05785854513728951,0.10552137494087219,0,0,0.01977849000468268,0.020148026291280985,0.91015625,0,0.05903616477235704,0.11101853996515273,frozen_teacher
/home/j/Isaac_RL_Projects/quadcopter_waypoint/logs/rl_games/quadcopter_ship_landing_physical_deck_attitude/expanded_from_p6b_ep990_16to22.pth,95424bb0d6b98d8dfbf2455d6fd84e99a77d52bca28489654036a25aea5a697d,e264b40bce2676a54b23afbd4cebf6478546a62c343bfde8d7d949b0ad92a0b2,cf04a763ad9581a319ec48cd159b76a59e6bd3c5a2efc9029ba99e08548559e4,,7aa08af9f501e50f41452eae8eb99ad818c4bad7508a2cc864d4cfff2a05d4f3,,990,65.09835052490234,reward_selected,247,256,64,,/home/j/Isaac_RL_Projects/quadcopter_waypoint/logs/imitation/p8a_checkpoint_selection/formal/raw/global_reward_selected_ep990_95424bb0d6b9/eval_seed247.csv,/home/j/Isaac_RL_Projects/quadcopter_waypoint/logs/imitation/p8a_checkpoint_selection/formal/raw/global_reward_selected_ep990_95424bb0d6b9/eval_seed247.log,247,9,0,1,0,1,0.03515625,0.03532473626122376,0.10270380973815918,-0.16878510593825025,-0.016806973889470136,0.2143659885927492,0.42133616507053373,0.05695122919282933,0.10187216624617576,0,0.00390625,0.01970690448433743,0.020152656827121973,0.96484375,0,0.058200033772774495,0.1047660373151302,frozen_teacher
