run,iteration,episodes,align_rate,settled_rate,crash_rate,deck_miss_rate,ground_crash_rate,hard_contact_rate,timeout_rate,reference_saturation_ratio,controller_tracking_mean,aligned_episodes,aligned_terminal_outside_rate,aligned_timeout_episodes,aligned_timeout_terminal_outside_rate,reward_descent_phase_active_ratio_all,reward_descent_phase_active_ratio_aligned,can_land_but_reward_gate_inactive_ratio_all,can_land_but_reward_gate_inactive_ratio_aligned,aligned_gate_inactive_gt_0_5_rate,aligned_gate_inactive_gt_0_8_rate,reward_gate_transition_count_all,reward_gate_transition_count_aligned,reward_gate_horizontal_error_violation_ratio_aligned,reward_gate_horizontal_speed_violation_ratio_aligned,reward_gate_attitude_violation_ratio_aligned,reward_gate_too_high_violation_ratio_aligned,mean_descent_speed_all,mean_descent_speed_aligned,mean_descent_speed_aligned_timeouts
S0,10,64,0.25,0.0,1.0,0.484375,0.0,0.0,0.0,0.25197918571939226,0.32975762034766376,16,0.75,0,0.0,,,,,,,,,,,,,0.11082585662174438,0.1988237900659442,
S0,20,64,0.265625,0.0,1.0,0.265625,0.0,0.0,0.0,0.1729661738499999,0.14069967169780284,17,1.0,0,0.0,,,,,,,,,,,,,0.06506481886543725,0.23686408383004806,
S0,30,64,0.28125,0.0,1.0,0.890625,0.0,0.0,0.0,0.4879820247297175,0.20422268309630454,18,1.0,0,0.0,,,,,,,,,,,,,0.1986185017740354,0.21271640145116383,
S1,10,64,0.078125,0.0,1.0,0.75,0.0,0.0,0.0,0.0,0.0974217185867019,5,1.0,0,0.0,,,,,,,,,,,,,0.12947043121221213,0.03609495213022455,
S1,20,64,0.15625,0.0,0.640625,0.453125,0.0,0.0,0.359375,0.00465216173324734,0.07563375716563314,10,1.0,3,1.0,,,,,,,,,,,,,0.07036566489387042,0.006139375333441421,0.00742924523850282
S1,30,64,0.3125,0.0,0.515625,0.28125,0.0,0.0,0.515625,0.0,0.07630606228485703,20,0.95,10,1.0,,,,,,,,,,,,,0.070197235327214,0.06936237774789333,0.062046957388520244
D1,10,64,0.109375,0.0,0.96875,0.5625,0.0,0.0,0.03125,0.0009831425413722172,0.17750088055618107,7,0.8571428571428571,2,0.5,0.03460533171892166,0.31639160428728375,0.07072423002682626,0.6466215316738401,0.8571428571428571,0.14285714285714285,0.671875,6.142857142857143,0.5656581350735256,0.17457034119537898,0.0,0.3328604144709451,0.09176232769095805,0.029745587147772312,0.020927658770233393
D1,20,64,0.25,0.0,0.390625,0.109375,0.0,0.0,0.609375,0.005159292231837753,0.20395292271859944,16,0.9375,9,0.8888888888888888,0.05825802254548762,0.23303209018195048,0.16632259543985128,0.6652903817594051,0.75,0.4375,0.640625,2.5625,0.6164231151342392,0.0943284832756035,0.0,0.08709182450547814,0.05601882268092595,0.04799093189649284,0.04095554641551442
D1,30,64,0.484375,0.0,0.015625,0.0,0.0,0.0,0.984375,0.00012550200335681438,0.44249526783823967,31,0.5806451612903226,30,0.6,0.17191434709820896,0.35491994239630237,0.21982185085653327,0.45382575660703645,0.5483870967741935,0.03225806451612903,2.671875,5.516129032258065,0.4101463773798558,0.08205716828665426,0.0,0.0,0.044464231468737125,0.047055644013227954,0.046995179479320845
