run,iteration,reward,episode_length_steps,reward_per_step,phase_sensitive_sum,phase_sensitive_abs,total_reward_term_abs,phase_sensitive_magnitude_share_pct,predicted_pad_error,predicted_pad_error_share_pct,contact_clearance,contact_clearance_share_pct,height_tracking,height_tracking_share_pct,post_align_descent,descent_horizontal_rel_vel,near_pad_horizontal_rel_vel,center_precision,center_precision_square
S0,10,-37.45038604736328,111.57295227050781,-0.33565828711393325,-13.523933663964272,15.077005550265312,58.2566189795034,25.88033053474988,-2.720326781272888,4.669558290415015,-1.8972937762737274,3.256786627011873,-3.1963682174682617,5.486703954777824,0.7765359431505203,-0.4115276038646698,-0.294920951128006,-2.503751516342163,-3.2762807607650757
S0,20,-50.51817321777344,144.71554565429688,-0.3490860155304501,-12.356675314877066,12.529878235582146,75.87276720201771,16.514328787060418,-2.516425848007202,3.3166390798782963,-1.1439772695302963,1.5077574098284294,-8.178803324699402,10.779629669921805,0.08660146035254002,-0.2874939516186714,-0.001066970799001865,-0.054681869223713875,-0.26082754135131836
S0,30,-60.91765594482422,161.9310760498047,-0.37619496782747214,-4.3391284346580505,4.3391284346580505,38.32411703770049,11.322187619846611,0.0,0.0,0.0,0.0,-4.3391284346580505,11.322187619846611,0.0,0.0,0.0,0.0,0.0
S1,10,-28.909454345703125,131.9041290283203,-0.21917020004351917,-7.465277670416981,7.617894804570824,36.677865870296955,20.76973298149298,-0.983971506357193,2.682739257067975,-0.6413057446479797,1.748481623537786,-4.09247487783432,11.157887136362948,0.07630856707692146,-0.09309125132858753,-0.021409981418401003,-0.4161771759390831,-1.293155699968338
S1,20,-53.96122360229492,151.3636474609375,-0.35650055021448085,-70.49172550439835,70.49172550439835,110.10841740935575,64.02028760646665,-28.61546516418457,25.988444696102913,-28.59513759613037,25.96998328458464,-9.149223566055298,8.309286230171447,-1.885516345500946,-2.2463828325271606,0.0,0.0,0.0
S1,30,-73.85508728027344,173.8246307373047,-0.4248827508909721,-14.25199838122353,14.470504315104336,49.715428048948525,29.106667453123507,-2.7060389518737793,5.443056729209861,-3.3066517114639282,6.651158083579778,-6.139017343521118,12.348314365264642,0.10925296694040298,-0.2930460684001446,-0.01611348008736968,-0.5434678122401237,-1.3569159805774689
D1,10,-23.48940086364746,130.33828735351562,-0.1802187318906326,-2.8226739168167114,2.8226739168167114,35.88957565065357,7.864885180845845,0.0,0.0,0.0,0.0,-2.8226739168167114,7.864885180845845,0.0,0.0,0.0,0.0,0.0
D1,20,-38.44257354736328,165.12950134277344,-0.23280257758160816,-5.717318952083588,5.717318952083588,59.384132666818914,9.627687894611887,-0.7299937307834625,1.2292740467881735,-1.2446975708007812,2.096010356477363,-3.4601613879203796,5.826744001354686,-0.17669249325990677,-0.10577376931905746,0.0,0.0,0.0
D1,30,-41.02880096435547,192.36659240722656,-0.21328444014592918,-4.453829606063664,4.540086532942951,28.80608762175001,15.760857887257702,-0.5005006119608879,1.7374820854984325,-1.247992143034935,4.332390289935241,-2.6435112953186035,9.17691888614066,0.04312846343964338,-0.10495401918888092,0.0,0.0,0.0
