episode,env_id,align_success,success,final_distance,min_distance,touchdown_distance,touchdown_rel_vel,landing_time,max_descent_speed,mean_descent_speed,final_vertical_speed,terminal_vertical_relative_speed,terminal_relative_speed,terminal_horizontal_error,terminal_surface_clearance,terminal_pad_vertical_speed,max_horizontal_speed,mean_horizontal_speed,final_horizontal_speed,pad_speed,pad_speed_bucket,crash,terminated,time_out,contact_success,settled_landing,hard_contact,ground_crash,deck_miss,first_contact_seen,first_contact_xy_error_deck_frame,first_contact_normal_rel_speed,first_contact_tangential_rel_speed,first_contact_force,max_contact_force,settle_time,terminal_xy_error,minimum_surface_clearance,maximum_penetration,first_contact_deck_roll,first_contact_deck_pitch,first_contact_deck_tilt,first_contact_deck_angular_speed,first_contact_body_deck_normal_angle,terminal_body_deck_normal_angle,terminal_normal_relative_speed,terminal_tangential_relative_speed,max_contact_impulse,terminal_deck_roll,terminal_deck_pitch,terminal_deck_tilt,terminal_deck_angular_speed,deck_tilt_bucket,deck_angular_speed_bucket,max_deck_position_consistency_error,max_deck_orientation_consistency_error,max_deck_linear_velocity_consistency_error,max_deck_angular_velocity_consistency_error,sea_hs,sea_tp,sea_gamma,sea_heading_rad,sea_heave_scale,sea_roll_scale,sea_pitch_scale,sea_min_scale,sea_heave_rms,sea_roll_rms,sea_pitch_rms,sea_heave_max_abs,sea_roll_max_abs,sea_pitch_max_abs,sea_heave_velocity_max_abs,sea_roll_rate_max_abs,sea_pitch_rate_max_abs,sea_deck_angular_speed_max
0,27,True,True,0.06802532821893692,0.060826096683740616,0.058315709233284,0.2467411458492279,1.0399999618530273,1.7107301950454712,0.7851653695106506,0.019302673637866974,0.04893871769309044,0.2467411458492279,0.058315709233284,-0.01997789554297924,-0.028580719605088234,0.4906942844390869,0.3102535903453827,0.2418391853570938,0.22900840640068054,>=0.15,False,True,False,True,True,False,False,False,True,0.05205395072698593,-0.20436862111091614,0.21227681636810303,0.1717977225780487,0.8252564668655396,0.09999999403953552,0.058315709233284,-0.020137343555688858,0.020137343555688858,0.010884161107242107,0.06357572227716446,0.06449944525957108,0.03303445130586624,0.049900736659765244,0.0003452669770922512,0.05571487545967102,0.2403685599565506,0.008252564817667007,0.011270664632320404,0.06583333015441895,0.06679011881351471,0.02403963916003704,2-4deg,0.00-0.04,0.0,0.0,0.0,0.0,0.18535436689853668,4.683343410491943,3.008577346801758,0.16955618560314178,1.0,1.0,1.0,1.0,0.0429157055914402,0.007524188607931137,0.043949708342552185,0.04651904106140137,0.011270664632320404,0.06583333015441895,0.03202728182077408,0.011413886211812496,0.06666990369558334,0.06763987988233566
1,21,True,True,0.04071463644504547,0.04071463644504547,0.020791588351130486,0.0739273950457573,1.0799999237060547,1.1524735689163208,0.46964970231056213,0.0031666294671595097,-0.010003957897424698,0.0739273950457573,0.020791588351130486,-0.019995126873254776,0.012812551110982895,0.15610133111476898,0.0755920261144638,0.07324739545583725,0.07124843448400497,0.05-0.10,False,True,False,True,True,False,False,False,True,0.023852599784731865,-0.19976943731307983,0.14397329092025757,0.07762613147497177,0.13885818421840668,0.07999999821186066,0.020791588351130486,-0.019995126873254776,0.019995126873254776,-0.007465314585715532,-0.014784703962504864,0.016562212258577347,0.015730153769254684,0.018898721784353256,0.0,-0.010759687051177025,0.0731402039527893,0.0013885818189010024,-0.00700940378010273,-0.013881794176995754,0.015552508644759655,0.018016381189227104,0-2deg,0.00-0.04,0.0,0.0,0.0,0.0,0.18716175854206085,4.903183460235596,3.0327446460723877,0.46758776903152466,1.0,1.0,1.0,1.0,0.002317050937563181,0.009497315622866154,0.018808985128998756,0.005201832391321659,0.011217929422855377,0.02221658267080784,0.015565171837806702,0.008120601065456867,0.01608246937394142,0.018016381189227104
2,29,True,True,0.0860794186592102,0.0860794186592102,0.0786401703953743,0.09160458296537399,1.1200000047683716,1.1264123916625977,0.5527327656745911,0.0010293939849361777,-0.015920765697956085,0.09160458296537399,0.0786401703953743,-0.019999679177999496,0.01825890876352787,0.5049724578857422,0.23185136914253235,0.09021047502756119,0.08776997774839401,0.05-0.10,False,True,False,True,True,False,False,False,True,0.08922332525253296,-0.5448698997497559,0.288141131401062,0.03987701237201691,0.12148965150117874,0.11999999731779099,0.0786401703953743,-0.019999679177999496,0.019999679177999496,0.01067331898957491,0.006408547516912222,0.012448858469724655,0.023278463631868362,0.15261070430278778,0.0,-0.015449542552232742,0.09029236435890198,0.0012148964451625943,0.008665813133120537,0.005203187465667725,0.010107582435011864,0.02341012842953205,0-2deg,0.00-0.04,0.0,0.0,0.0,0.0,0.18046779930591583,4.819626331329346,2.8841795921325684,-2.111529588699341,1.0,1.0,1.0,1.0,0.011612341739237309,0.016518034040927887,0.009917871095240116,0.021186813712120056,0.019290458410978317,0.011582508683204651,0.03074820712208748,0.020113028585910797,0.012076402083039284,0.023460039868950844
3,31,True,True,0.11070765554904938,0.10363045334815979,0.10506780445575714,0.22368229925632477,1.5999999046325684,1.6710485219955444,0.6297217011451721,-0.002701440593227744,0.0041031790897250175,0.22368229925632477,0.10506780445575714,-0.019898422062397003,-0.00810307078063488,0.6927791237831116,0.4152507781982422,0.2236446589231491,0.13538171350955963,0.10-0.15,False,True,False,True,True,False,False,False,True,0.09805605560541153,-0.1860453337430954,0.36661383509635925,0.13263891637325287,0.16403783857822418,0.11999999731779099,0.10506780445575714,-0.020030640065670013,0.020030640065670013,-0.004617742262780666,-0.006561389192938805,0.008023301139473915,0.01191121619194746,0.04004322737455368,0.002100177574902773,0.002598811173811555,0.2236672043800354,0.001640378381125629,-0.005328044295310974,-0.0075706597417593,0.009258083067834377,0.012679053470492363,0-2deg,0.00-0.04,0.0,0.0,0.0,0.0,0.1643649935722351,4.977660179138184,3.2361960411071777,0.6132552623748779,1.0,1.0,1.0,1.0,0.006827876437455416,0.002625612774863839,0.0037307546008378267,0.008645134046673775,0.005328044295310974,0.0075706597417593,0.01993011310696602,0.010025076568126678,0.01424470916390419,0.01741877943277359
4,9,True,True,0.06692210584878922,0.06027394160628319,0.05704464390873909,0.22263123095035553,1.6999999284744263,1.1845241785049438,0.3472418785095215,0.011006192304193974,0.049459658563137054,0.22263123095035553,0.05704464390873909,-0.020013997331261635,-0.03867913782596588,0.2970118820667267,0.12493012100458145,0.21706774830818176,0.2049621045589447,>=0.15,False,True,False,True,True,False,False,False,True,0.04971639811992645,-0.07478243112564087,0.061056286096572876,0.09895601123571396,0.4088611900806427,0.09999999403953552,0.05704464390873909,-0.020013997331261635,0.020013997331261635,0.04031535983085632,-0.021801071241497993,0.04582966864109039,0.0006085655186325312,0.04310781508684158,0.0011451211757957935,0.058926183730363846,0.21469135582447052,0.0040886118076741695,0.040158338844776154,-0.02171616069972515,0.04565107822418213,0.00503676338121295,2-4deg,0.00-0.04,0.0,0.0,0.0,0.0,0.18649502098560333,4.530176162719727,2.895071029663086,2.0665204524993896,1.0,1.0,1.0,1.0,0.02985459752380848,0.026362059637904167,0.014255636371672153,0.036757681518793106,0.04031535983085632,0.021801071241497993,0.047135211527347565,0.05437451973557472,0.029403749853372574,0.06181560456752777
5,4,True,True,0.08818913996219635,0.08805983513593674,0.08094397187232971,0.15600639581680298,1.8399999141693115,1.4869304895401,0.48657113313674927,0.0038118259981274605,0.00906129740178585,0.15600639581680298,0.08094397187232971,-0.0199971292167902,-0.006977217271924019,0.8492646813392639,0.42877325415611267,0.15574301779270172,0.07759034633636475,0.05-0.10,False,True,False,True,True,False,False,False,True,0.08447076380252838,-0.2267865091562271,0.42314672470092773,0.1773829460144043,0.2116905152797699,0.07999999821186066,0.08094397187232971,-0.02006649784743786,0.02006649784743786,0.002708383835852146,-0.0007471222197636962,0.0028049631509929895,0.022870710119605064,0.03798949718475342,0.0,0.009051937609910965,0.1557435542345047,0.0021169050596654415,0.001421197783201933,-0.00039204477798193693,0.0014648438664153218,0.021600617095828056,0-2deg,0.00-0.04,0.0,0.0,0.0,0.0,0.18373727798461914,4.626785755157471,3.0742716789245605,1.839957594871521,1.0,1.0,1.0,1.0,0.015474683605134487,0.013670518063008785,0.0037710859905928373,0.023517820984125137,0.019226161763072014,0.005303640384227037,0.03390778601169586,0.03772423043847084,0.0104064317420125,0.03913325071334839
6,23,True,True,0.08060979843139648,0.07759822905063629,0.07263681292533875,0.15619619190692902,1.8600000143051147,1.3743945360183716,0.36875468492507935,0.004212057683616877,0.023772113025188446,0.15619619190692902,0.07263681292533875,-0.02002289704978466,-0.02005608007311821,0.6550650596618652,0.32844778895378113,0.15437661111354828,0.1708393543958664,>=0.15,False,True,False,True,True,False,False,False,True,0.06986156851053238,-0.2647983133792877,0.3750849962234497,0.1553134173154831,0.16780662536621094,0.07999999821186066,0.07263681292533875,-0.02002289704978466,0.02002289704978466,-0.012623184360563755,-0.014300905168056488,0.01907453127205372,0.008228504098951817,0.024358447641134262,0.0003452669770922512,0.02567673660814762,0.15407127141952515,0.0016780662117525935,-0.012260863557457924,-0.013890428468585014,0.018526017665863037,0.010013772174715996,0-2deg,0.00-0.04,0.0,0.0,0.0,0.0,0.16203898191452026,5.142723560333252,3.038940668106079,-2.418426990509033,1.0,1.0,1.0,1.0,0.011916443705558777,0.009288331493735313,0.01052282378077507,0.01601756550371647,0.01333119347691536,0.015103012323379517,0.02223249152302742,0.014728323556482792,0.016685836017131805,0.02225624956190586
7,20,True,True,0.07546298205852509,0.0735032707452774,0.06684743613004684,0.15402017533779144,1.8799999952316284,1.5885392427444458,0.41960808634757996,0.018777038902044296,0.060707394033670425,0.15402017533779144,0.06684743613004684,-0.02000744454562664,-0.042448848485946655,0.37722763419151306,0.18504475057125092,0.14155149459838867,0.14116902649402618,0.10-0.15,False,True,False,True,True,False,False,False,True,0.06953230500221252,-0.04714898392558098,0.14826348423957825,0.04051963612437248,0.39008867740631104,0.09999999403953552,0.06684743613004684,-0.02004287578165531,0.02004287578165531,0.01360234059393406,-0.02990400232374668,0.03285086899995804,0.0031460372265428305,0.03728460147976875,0.0011451211757957935,0.062210679054260254,0.14089728891849518,0.003900886746123433,0.013408216647803783,-0.029477234929800034,0.03238296881318092,0.00850706733763218,0-2deg,0.00-0.04,0.0,0.0,0.0,0.0,0.16077952086925507,4.745513916015625,2.8591418266296387,2.7146987915039062,1.0,1.0,1.0,1.0,0.02538740262389183,0.010673962533473969,0.023466123268008232,0.03475956991314888,0.017845088616013527,0.039231449365615845,0.06066371873021126,0.025571255013346672,0.0562170036137104,0.06175953894853592
8,30,True,True,0.10213396698236465,0.0957009345293045,0.09595110267400742,0.12789390981197357,1.9799998998641968,1.41342294216156,0.46432167291641235,-0.0028652516193687916,-0.02027640864253044,0.12789390981197357,0.09595110267400742,-0.02000392973423004,0.015538000501692295,0.6665728092193604,0.35389986634254456,0.12627635896205902,0.12567882239818573,0.10-0.15,False,True,False,True,True,False,False,False,True,0.0890057310461998,-0.18840870261192322,0.3002573251724243,0.08799993991851807,0.09216576814651489,0.09999999403953552,0.09595110267400742,-0.02001224085688591,0.02001224085688591,-0.031221963465213776,0.039744406938552856,0.05053600296378136,0.04131670296192169,0.016146713867783546,0.0,-0.02048809826374054,0.12624219059944153,0.0009216576581820846,-0.03309608995914459,0.04213010147213936,0.05356954410672188,0.034380313009023666,2-4deg,0.04-0.08,0.0,0.0,0.0,0.0,0.18069811165332794,4.928171634674072,3.1418986320495605,2.4757134914398193,1.0,1.0,1.0,1.0,0.026882871985435486,0.018806250765919685,0.023939667269587517,0.04177193343639374,0.03309608995914459,0.04213010147213936,0.0364234484732151,0.0396503284573555,0.0504734069108963,0.0641849935054779
9,25,True,True,0.09383969008922577,0.08738356828689575,0.08705265820026398,0.25882139801979065,2.0,1.431952714920044,0.3494439423084259,-0.007027127780020237,0.037412840873003006,0.25882139801979065,0.08705265820026398,-0.020039858296513557,-0.04476217180490494,0.5527773499488831,0.22483476996421814,0.2561030983924866,0.2652607560157776,>=0.15,False,True,False,True,True,False,False,False,True,0.0828251987695694,-0.04675978794693947,0.1137881726026535,0.055598270148038864,0.4611920416355133,0.09999999403953552,0.08705265820026398,-0.02013101615011692,0.02013101615011692,0.045233577489852905,-0.03611505776643753,0.057875070720911026,0.013320887461304665,0.039170149713754654,0.0018593198619782925,0.05174744129180908,0.2535955607891083,0.004611920099705458,0.044236648827791214,-0.035319097340106964,0.056599751114845276,0.018536951392889023,2-4deg,0.00-0.04,0.0,0.0,0.0,0.0,0.19795377552509308,4.827483177185059,3.369082450866699,2.2445685863494873,1.0,1.0,1.0,1.0,0.036333415657281876,0.03242703527212143,0.025890152901411057,0.04864269122481346,0.04623139649629593,0.0369117334485054,0.0636080875992775,0.0656900405883789,0.05244775488972664,0.08405919373035431
10,14,True,True,0.08994051069021225,0.08612912893295288,0.08285845816135406,0.09948078542947769,2.0399999618530273,1.4557665586471558,0.3970549702644348,0.007468061521649361,-0.01615573838353157,0.09948078542947769,0.08285845816135406,-0.019997602328658104,0.02445109747350216,0.4097849726676941,0.23662295937538147,0.09816017001867294,0.09883614629507065,0.05-0.10,False,True,False,True,True,False,False,False,True,0.07872653752565384,-0.09872861206531525,0.05903640016913414,0.02899041399359703,0.12478197365999222,0.07999999821186066,0.08285845816135406,-0.020002806559205055,0.020002806559205055,-0.024549691006541252,0.005867003463208675,0.02524060755968094,0.017140420153737068,0.004143206402659416,0.0003452669770922512,-0.018405741080641747,0.09776326268911362,0.001247819745913148,-0.023508505895733833,0.005618175491690636,0.024169277399778366,0.01851077750325203,0-2deg,0.00-0.04,0.0,0.0,0.0,0.0,0.17638558149337769,4.527307510375977,3.198010206222534,1.805381178855896,1.0,1.0,1.0,1.0,0.02000466361641884,0.020961454138159752,0.005009468644857407,0.027226489037275314,0.028775570914149284,0.006876923609524965,0.03194732218980789,0.04571089893579483,0.010924209840595722,0.04699813202023506
11,2,True,True,0.053423650562763214,0.053240589797496796,0.04037902504205704,0.11692570894956589,2.0799999237060547,1.4066178798675537,0.45698994398117065,0.006594623439013958,-0.041999779641628265,0.11692570894956589,0.04037902504205704,-0.02000177465379238,0.04779895395040512,0.5241544842720032,0.2865259349346161,0.109122134745121,0.11037164181470871,0.10-0.15,False,True,False,True,True,False,False,False,True,0.04026801511645317,-0.14634107053279877,0.17079949378967285,0.0291190966963768,0.42038804292678833,0.07999999821186066,0.04037902504205704,-0.020112747326493263,0.020112747326493263,-0.020120300352573395,0.01378029678016901,0.024385351687669754,0.036810293793678284,0.04808112233877182,0.00048828125,-0.0397762730717659,0.10995212197303772,0.004203880205750465,-0.01821362040936947,0.012474424205720425,0.022075945511460304,0.04018636792898178,0-2deg,0.00-0.04,0.0,0.0,0.0,0.0,0.18934853374958038,4.773911952972412,3.2291040420532227,2.1713128089904785,1.0,1.0,1.0,1.0,0.0251618605107069,0.020907260477542877,0.014319282956421375,0.03710931912064552,0.02876245230436325,0.01969926990568638,0.06217790022492409,0.05123640224337578,0.035091567784547806,0.06210142374038696
12,24,True,True,0.1181921660900116,0.10997055470943451,0.11320089548826218,0.27237749099731445,2.0999999046325684,1.4498735666275024,0.47962674498558044,-0.015742216259241104,0.019068600609898567,0.27237749099731445,0.11320089548826218,-0.018889324739575386,-0.034428130835294724,0.8807172179222107,0.42680153250694275,0.2717091739177704,0.19117963314056396,>=0.15,False,True,False,True,True,False,False,False,True,0.10640083253383636,-0.13058333098888397,0.3455933928489685,0.09219121932983398,0.09219121932983398,0.1599999964237213,0.11320089548826218,-0.01979948580265045,0.01979948580265045,0.009103424847126007,-0.008386998437345028,0.01237682905048132,0.05226206034421921,0.05674497038125992,0.022215912118554115,0.017779042944312096,0.2717966139316559,0.0009219122002832592,0.0036665431689471006,-0.00337799359112978,0.004979516379535198,0.05285302922129631,0-2deg,0.04-0.08,0.0,0.0,0.0,0.0,0.19097524881362915,4.681451320648193,3.063281297683716,2.315256357192993,1.0,1.0,1.0,1.0,0.02250341884791851,0.018924320116639137,0.01743500493466854,0.030619734898209572,0.02711278758943081,0.024979054927825928,0.054191142320632935,0.03896602243185043,0.03589945659041405,0.05298227816820145
13,10,True,True,0.060785066336393356,0.06075866520404816,0.04970019310712814,0.040817953646183014,2.1599998474121094,1.3740853071212769,0.3324384093284607,0.011053081601858139,0.03103666752576828,0.040817953646183014,0.04970019310712814,-0.020005393773317337,-0.020007839426398277,1.0583479404449463,0.4436139762401581,0.026510952040553093,0.04859153553843498,0.00-0.05,False,True,False,True,True,False,False,False,True,0.05388135462999344,-0.2878091037273407,0.30181989073753357,0.10789049416780472,0.6149241328239441,0.07999999821186066,0.04970019310712814,-0.020026786252856255,0.020026786252856255,0.011715492233633995,0.009865827858448029,0.015316934324800968,0.0005820450023747981,0.031416792422533035,0.0,0.030649885535240173,0.026957184076309204,0.0061492412351071835,0.011681216768920422,0.009836966171860695,0.015270163305103779,0.002065247157588601,0-2deg,0.00-0.04,0.0,0.0,0.0,0.0,0.18003374338150024,4.8885817527771,2.844606876373291,0.8708959221839905,1.0,1.0,1.0,1.0,0.00879206508398056,0.0076344870030879974,0.006429140456020832,0.014136217534542084,0.011717596091330051,0.009867599233984947,0.020007839426398277,0.018535539507865906,0.015609114430844784,0.02423243038356304
14,15,True,True,0.06506188958883286,0.06364084780216217,0.05484906584024429,0.05344925448298454,2.1599998474121094,1.4077025651931763,0.41796040534973145,0.007179372012615204,0.024365630000829697,0.05344925448298454,0.05484906584024429,-0.0200006365776062,-0.01654849946498871,1.100268006324768,0.45983001589775085,0.047572460025548935,0.051781147718429565,0.05-0.10,False,True,False,True,True,False,False,False,True,0.053893446922302246,-0.10276245325803757,0.18847614526748657,0.11664996296167374,0.5498566031455994,0.07999999821186066,0.05484906584024429,-0.02009040117263794,0.02009040117263794,0.000590480980463326,-0.021392349153757095,0.02140139229595661,0.01506027765572071,0.029959872364997864,0.0,0.02343333326280117,0.0480385422706604,0.00549856573343277,0.0005645263008773327,-0.020452043041586876,0.020458701997995377,0.016291826963424683,0-2deg,0.00-0.04,0.0,0.0,0.0,0.0,0.19716975092887878,4.7260308265686035,2.9183406829833984,3.113997220993042,1.0,1.0,1.0,1.0,0.013137145899236202,0.0005460504908114672,0.019782688468694687,0.017931697890162468,0.0007216779049485922,0.026145435869693756,0.023116230964660645,0.0007681291317567229,0.027828305959701538,0.02783890627324581
15,28,True,True,0.042723387479782104,0.03922395780682564,0.024477433413267136,0.13236965239048004,2.1599998474121094,1.4383556842803955,0.4193001091480255,0.008016332983970642,-0.017723727971315384,0.13236965239048004,0.024477433413267136,-0.019986404106020927,0.02451832965016365,0.8293009400367737,0.37563303112983704,0.13117770850658417,0.12586604058742523,0.10-0.15,False,True,False,True,True,False,False,False,True,0.0201828982681036,-0.26745888590812683,0.2747180759906769,0.09461789578199387,0.20419923961162567,0.11999999731779099,0.024477433413267136,-0.020122915506362915,0.020122915506362915,-0.002932984381914139,-0.0038934973999857903,0.004870594944804907,0.059650007635354996,0.049946125596761703,0.0,-0.01903577148914337,0.13099375367164612,0.0020419922657310963,-0.006554117891937494,-0.008700503036379814,0.010891024954617023,0.06061580032110214,0-2deg,0.04-0.08,0.0,0.0,0.0,0.0,0.1759556233882904,5.1883344650268555,3.2622246742248535,-2.495980739593506,1.0,1.0,1.0,1.0,0.017417045310139656,0.025030378252267838,0.03322748839855194,0.031043466180562973,0.034331683069467545,0.0455748476088047,0.02902541495859623,0.03647175803780556,0.048415761440992355,0.06061580032110214
16,12,True,True,0.04235384613275528,0.04006582498550415,0.023821067065000534,0.17066751420497894,2.259999990463257,1.4392220973968506,0.417417973279953,0.010620142333209515,0.03448272496461868,0.17066751420497894,0.023821067065000534,-0.019972993060946465,-0.024272236973047256,0.9214547872543335,0.43534114956855774,0.1671476662158966,0.16082991659641266,>=0.15,False,True,False,True,True,False,False,False,True,0.023551519960165024,-0.18376055359840393,0.19910646975040436,0.06053069606423378,0.3036612272262573,0.09999999403953552,0.023821067065000534,-0.02005615085363388,0.02005615085363388,-0.004181967582553625,0.020271001383662224,0.020699117332696915,0.036834098398685455,0.004554388113319874,0.00048828125,0.03675295040011406,0.16666318476200104,0.0030366121791303158,-0.0035606971941888332,0.01725955680012703,0.01762237772345543,0.04006435349583626,0-2deg,0.00-0.04,0.0,0.0,0.0,0.0,0.17949119210243225,5.1630706787109375,2.9765748977661133,-0.20344869792461395,1.0,1.0,1.0,1.0,0.020234795287251472,0.007474193815141916,0.036229208111763,0.03639519214630127,0.009032690897583961,0.043783627450466156,0.027611980214715004,0.009976048022508621,0.04835629090666771,0.04937461391091347
17,16,True,True,0.06263113766908646,0.06218946352601051,0.05201110243797302,0.11751898378133774,2.299999952316284,1.3554860353469849,0.3089796006679535,-0.018066592514514923,0.023465273901820183,0.11751898378133774,0.05201110243797302,-0.02003980614244938,-0.040803007781505585,0.4127069115638733,0.18686969578266144,0.11515247821807861,0.17561611533164978,>=0.15,False,True,False,True,True,False,False,False,True,0.05228254571557045,-0.08313407003879547,0.07747668772935867,0.027227647602558136,0.36163586378097534,0.05999999865889549,0.05201110243797302,-0.02003980614244938,0.02003980614244938,0.004087374079972506,0.0017897931393235922,0.004461836535483599,0.03920675441622734,0.00847138836979866,0.0012918708380311728,0.023620136082172394,0.11512080579996109,0.003616358619183302,0.0026204988826066256,0.0011474729981273413,0.002868003910407424,0.04083186760544777,0-2deg,0.00-0.04,0.0,0.0,0.0,0.0,0.17218750715255737,4.9080352783203125,2.9580740928649902,1.1580641269683838,1.0,1.0,1.0,1.0,0.008670268580317497,0.010412189178168774,0.004559324588626623,0.013243098743259907,0.016531215980648994,0.00723874568939209,0.04101031273603439,0.03740314766764641,0.016378216445446014,0.04083186760544777
18,26,True,True,0.11564627289772034,0.10273273289203644,0.1102227196097374,0.1829843521118164,2.299999952316284,1.495742917060852,0.38735803961753845,0.0008030617609620094,-0.029917940497398376,0.1829843521118164,0.1102227196097374,-0.01999831199645996,0.03111678920686245,1.0544131994247437,0.43703320622444153,0.18052199482917786,0.18214848637580872,>=0.15,False,True,False,True,True,False,False,False,True,0.10373007506132126,-0.014278318732976913,0.20057648420333862,0.02750694751739502,0.07023036479949951,0.05999999865889549,0.1102227196097374,-0.01999831199645996,0.01999831199645996,-0.029833631590008736,-0.012147905305027962,0.0322113074362278,0.005689525976777077,0.014717581681907177,0.0,-0.03459503874182701,0.1796843260526657,0.0007023036596365273,-0.029576167464256287,-0.012043071910738945,0.03193248435854912,0.00821097195148468,0-2deg,0.00-0.04,0.0,0.0,0.0,0.0,0.19815336167812347,4.443559169769287,3.272287130355835,1.1841084957122803,1.0,1.0,1.0,1.0,0.018826007843017578,0.021931232884526253,0.008930141106247902,0.0256565660238266,0.0326719656586647,0.01330364216119051,0.045292772352695465,0.042240582406520844,0.017199870198965073,0.04560814052820206
19,18,True,True,0.11558470875024796,0.10826295614242554,0.11035428941249847,0.2054556906223297,2.440000057220459,1.6770328283309937,0.38160184025764465,0.0029375178273767233,0.05510977283120155,0.2054556906223297,0.11035428941249847,-0.018633995205163956,-0.05196763575077057,1.4614300727844238,0.46355894207954407,0.1979266256093979,0.18725740909576416,>=0.15,False,True,False,True,True,False,False,False,True,0.10426773875951767,-0.32306548953056335,0.44390204548835754,0.22146305441856384,0.22146305441856384,0.11999999731779099,0.11035428941249847,-0.01995890587568283,0.01995890587568283,-0.041114456951618195,-0.038891397416591644,0.056587107479572296,0.010469412431120872,0.07601704448461533,0.019783247262239456,0.0473933108150959,0.19991476833820343,0.002214630600064993,-0.0401090569794178,-0.037940360605716705,0.05520331487059593,0.017029128968715668,2-4deg,0.00-0.04,0.0,0.0,0.0,0.0,0.1827443391084671,4.999411582946777,3.374356508255005,-2.3284153938293457,1.0,1.0,1.0,1.0,0.03810834512114525,0.03747646510601044,0.035450104624032974,0.055968862026929855,0.06170123070478439,0.05836503952741623,0.0906512439250946,0.07502952218055725,0.07097268104553223,0.1032789945602417
20,3,True,True,0.08709374815225601,0.08432033658027649,0.07973677664995193,0.07548082619905472,2.5199999809265137,1.3787682056427002,0.3602178990840912,0.008253130130469799,0.023935120552778244,0.07548082619905472,0.07973677664995193,-0.019984392449259758,-0.01911475509405136,0.9749282002449036,0.5450999736785889,0.07158536463975906,0.11629083752632141,0.10-0.15,False,True,False,True,True,False,False,False,True,0.07674898952245712,-0.0977209210395813,0.15586650371551514,0.05456974357366562,0.14666664600372314,0.07999999821186066,0.07973677664995193,-0.02002454176545143,0.02002454176545143,-0.0010325078619644046,-0.04011070728302002,0.04012354463338852,0.04212636500597,0.0006905339541845024,0.0,0.02110990509390831,0.07246880233287811,0.0014666664646938443,-0.0010940918000414968,-0.04250311478972435,0.04251733422279358,0.03760988637804985,2-4deg,0.04-0.08,0.0,0.0,0.0,0.0,0.1782151460647583,4.802470684051514,3.0126638412475586,-3.115856885910034,1.0,1.0,1.0,1.0,0.03077639266848564,0.0010519999777898192,0.040867939591407776,0.04146011546254158,0.0014981062849983573,0.05819820985198021,0.061164505779743195,0.0018868671031668782,0.07330073416233063,0.073325015604496
21,22,True,True,0.09815150499343872,0.08573468029499054,0.09170594066381454,0.16230390965938568,2.5999999046325684,1.4308640956878662,0.36272549629211426,0.007570176385343075,-0.023520469665527344,0.16230390965938568,0.09170594066381454,-0.019997334107756615,0.03157574310898781,1.0964452028274536,0.4322381913661957,0.16059061884880066,0.1567186564207077,>=0.15,False,True,False,True,True,False,False,False,True,0.08702216297388077,-0.01341059897094965,0.17969506978988647,0.21958421170711517,0.21958421170711517,0.05999999865889549,0.09170594066381454,-0.020008722320199013,0.020008722320199013,0.005264457780867815,0.03397461399435997,0.03437960520386696,0.008096055127680302,0.002013235352933407,0.0003452669770922512,-0.02192648872733116,0.1608159989118576,0.0021958420984447002,0.005305809900164604,0.03424149006605148,0.034650783985853195,0.005413081496953964,0-2deg,0.00-0.04,0.0,0.0,0.0,0.0,0.164486363530159,4.904458045959473,2.821807384490967,-2.9878625869750977,1.0,1.0,1.0,1.0,0.021788036450743675,0.00423817802220583,0.027351444587111473,0.031113101169466972,0.005775932688266039,0.037275467067956924,0.04402243345975876,0.008256870321929455,0.05328641086816788,0.05392232909798622
22,19,True,True,0.0946805477142334,0.08377105742692947,0.08797524124383926,0.15927192568778992,2.619999885559082,1.2161011695861816,0.31119486689567566,0.002958918223157525,-0.009819917380809784,0.15927192568778992,0.08797524124383926,-0.019998272880911827,0.01263413392007351,0.8575620651245117,0.41990283131599426,0.15896891057491302,0.1567363739013672,>=0.15,False,True,False,True,True,False,False,False,True,0.08231823891401291,0.00783453043550253,0.1385124921798706,0.2774539291858673,0.2774539291858673,0.05999999865889549,0.08797524124383926,-0.019998887553811073,0.019998887553811073,0.01771971583366394,-0.008981087245047092,0.019864432513713837,0.004088668618351221,0.0003452669770922512,0.0,-0.012949866242706776,0.15874458849430084,0.0027745391707867384,0.01783941313624382,-0.009041755460202694,0.019999012351036072,0.0026257773861289024,0-2deg,0.00-0.04,0.0,0.0,0.0,0.0,0.16388459503650665,4.851192951202393,3.259770154953003,-1.1016905307769775,1.0,1.0,1.0,1.0,0.007750506978482008,0.009631406515836716,0.004881595727056265,0.01356357429176569,0.01783941313624382,0.009041755460202694,0.014113587327301502,0.019106531515717506,0.009683985263109207,0.02142053097486496
23,5,True,True,0.036094821989536285,0.03577400743961334,0.008813322521746159,0.16137678921222687,2.6399998664855957,1.3323874473571777,0.30813437700271606,0.006796814501285553,-0.03906863182783127,0.16137678921222687,0.008813322521746159,-0.01999680884182453,0.04525517672300339,1.552717924118042,0.5957420468330383,0.1565762162208557,0.15233294665813446,>=0.15,False,True,False,True,True,False,False,False,True,0.0069736517034471035,-0.18688352406024933,0.24284467101097107,0.05029791593551636,0.19518139958381653,0.07999999821186066,0.008813322521746159,-0.02001798152923584,0.02001798152923584,-0.00010292503429809585,-0.0056696548126637936,0.005673322826623917,0.08325281739234924,0.026028918102383614,0.0,-0.038940198719501495,0.1566082090139389,0.001951813930645585,-0.00019327705376781523,-0.010646720416843891,0.010647492483258247,0.08253741264343262,0-2deg,0.08-0.12,0.0,0.0,0.0,0.0,0.19412922859191895,4.81226110458374,3.2856879234313965,-3.123440980911255,1.0,1.0,1.0,1.0,0.029445884749293327,0.000559598789550364,0.0308256596326828,0.04293796420097351,0.0008840137161314487,0.04869614914059639,0.07630176097154617,0.0015120566822588444,0.08329208195209503,0.08330580592155457
24,17,True,True,0.06692487746477127,0.05433943495154381,0.057037897408008575,0.1909603774547577,2.740000009536743,1.3201764822006226,0.33854955434799194,0.01528128795325756,0.04230271279811859,0.1909603774547577,0.057037897408008575,-0.019987650215625763,-0.02595115266740322,2.0812795162200928,0.726276159286499,0.18621587753295898,0.18163268268108368,>=0.15,False,True,False,True,True,False,False,False,True,0.044109221547842026,-0.10478334873914719,0.1810114085674286,0.038512472063302994,0.30894675850868225,0.09999999403953552,0.057037897408008575,-0.019987650215625763,0.019987650215625763,0.015641571953892708,0.020275361835956573,0.025606386363506317,0.026536142453551292,0.0502508245408535,0.0,0.04048498347401619,0.18661950528621674,0.003089467529207468,0.014287764206528664,0.01852049119770527,0.02338966354727745,0.028875570744276047,0-2deg,0.00-0.04,0.0,0.0,0.0,0.0,0.16780467331409454,4.5030436515808105,3.169325590133667,0.657092809677124,1.0,1.0,1.0,1.0,0.017718829214572906,0.015284905210137367,0.01981303095817566,0.02757369913160801,0.021728044375777245,0.02816494181752205,0.03480762243270874,0.026780763640999794,0.03471452370285988,0.04384412616491318
25,0,True,True,0.07538743317127228,0.0481426827609539,0.06676706671714783,0.1397698074579239,2.759999990463257,1.3711236715316772,0.2611496150493622,0.005937979556620121,0.012268672697246075,0.1397698074579239,0.06676706671714783,-0.01999291405081749,-0.002976939082145691,1.1753873825073242,0.4185057282447815,0.13923031091690063,0.13471867144107819,0.10-0.15,False,True,False,True,True,False,False,False,True,0.030473265796899796,-0.04330083727836609,0.3028821051120758,0.034113068133592606,0.4436454772949219,0.6599999666213989,0.06676706671714783,-0.02005169540643692,0.02005169540643692,-0.005974946543574333,-0.010776527225971222,0.012323739938437939,0.07877539843320847,0.08196258544921875,0.0,0.010187413543462753,0.13939803838729858,0.004436454735696316,0.01845727488398552,0.033289890736341476,0.03806318715214729,0.06455954909324646,0-2deg,0.04-0.08,0.0,0.0,0.0,0.0,0.19163954257965088,4.476095676422119,2.8860361576080322,-2.6353464126586914,1.0,1.0,1.0,1.0,0.03421526402235031,0.016294414177536964,0.029388919472694397,0.050973858684301376,0.02493184059858322,0.044967539608478546,0.06954611837863922,0.04052818939089775,0.07309742271900177,0.08358090370893478
26,1,True,True,0.08048222213983536,0.07946144789457321,0.07247065007686615,0.12354981154203415,2.7799999713897705,1.6359217166900635,0.36098119616508484,0.006464146077632904,0.01624440960586071,0.12354981154203415,0.07247065007686615,-0.019998278468847275,-0.009952411986887455,0.869998574256897,0.32971709966659546,0.12247724831104279,0.12383255362510681,0.10-0.15,False,True,False,True,True,False,False,False,True,0.0767708420753479,-0.07065877318382263,0.20292387902736664,0.03453265130519867,0.2841176390647888,0.09999999403953552,0.07247065007686615,-0.019998278468847275,0.019998278468847275,0.016387928277254105,-0.005147203337401152,0.017177026718854904,0.003066466422751546,0.03702465444803238,0.0003452669770922512,0.015698011964559555,0.12254847586154938,0.0028411762323230505,0.016066236421465874,-0.005046165082603693,0.01684059388935566,0.005415804218500853,0-2deg,0.00-0.04,0.0,0.0,0.0,0.0,0.18493439257144928,4.747568130493164,2.988335371017456,1.8751245737075806,1.0,1.0,1.0,1.0,0.006433284375816584,0.011173495091497898,0.003509427886456251,0.008481280878186226,0.016565438359975815,0.00520295649766922,0.01436229795217514,0.011607343330979347,0.0036456934176385403,0.012166408821940422
27,4,True,True,0.08443959057331085,0.07512092590332031,0.07684223353862762,0.19006413221359253,1.0399999618530273,1.6326196193695068,0.7838423252105713,0.004824133589863777,-0.004857835825532675,0.19006413221359253,0.07684223353862762,-0.019989127293229103,0.009919511154294014,0.3210045099258423,0.22837351262569427,0.19000203907489777,0.18810726702213287,>=0.15,False,True,False,True,True,False,False,False,True,0.06647742539644241,0.022211842238903046,0.15801917016506195,0.728298008441925,0.728298008441925,0.07999999821186066,0.07684223353862762,-0.020073380321264267,0.020073380321264267,0.0042969356290996075,0.0012761788675561547,0.004488474689424038,0.011846777983009815,0.001691456069238484,0.0,-0.005058757495135069,0.18999680876731873,0.007282979786396027,0.0035982150584459305,0.0010686598252505064,0.0037505615036934614,0.012426558881998062,0-2deg,0.00-0.04,0.0,0.0,0.0,0.0,0.17307226359844208,5.020834922790527,2.9263625144958496,-1.8594961166381836,1.0,1.0,1.0,1.0,0.0023391791619360447,0.007529910188168287,0.002236363012343645,0.003938486333936453,0.008796682581305504,0.0026125910226255655,0.010113314725458622,0.011912284418940544,0.003537916811183095,0.012426558881998062
28,6,True,True,0.03725472092628479,0.03570790961384773,0.012735455296933651,0.27246516942977905,2.879999876022339,1.1293467283248901,0.2279169261455536,0.0045254286378622055,-0.012281185016036034,0.27246516942977905,0.012735455296933651,-0.0199896153062582,0.016550609841942787,0.4923563599586487,0.2706209123134613,0.2721882462501526,0.26953357458114624,>=0.15,False,True,False,True,True,False,False,False,True,0.005198906175792217,-0.14766265451908112,0.22827592492103577,0.032731857150793076,0.5737735629081726,0.07999999821186066,0.012735455296933651,-0.020124774426221848,0.020124774426221848,-0.010999957099556923,0.001471248921006918,0.011097047477960587,0.014880266971886158,0.04746077209711075,0.0,-0.010582966729998589,0.27225956320762634,0.00573773542419076,-0.010081423446536064,0.0013483946677297354,0.010172244161367416,0.015970667824149132,0-2deg,0.00-0.04,0.0,0.0,0.0,0.0,0.17027351260185242,4.5028228759765625,3.0332703590393066,1.703757643699646,1.0,1.0,1.0,1.0,0.009669355116784573,0.011776968836784363,0.00157517462503165,0.015229207463562489,0.016620222479104996,0.0022229617461562157,0.040083952248096466,0.027690034359693527,0.0037035541608929634,0.02793661132454872
29,7,True,True,0.08355221897363663,0.07921508699655533,0.07586772739887238,0.12759500741958618,2.9600000381469727,1.5106661319732666,0.3549256920814514,0.0018385483417659998,0.00839576032012701,0.12759500741958618,0.07586772739887238,-0.019998174160718918,-0.008794093504548073,2.1666481494903564,0.7154003381729126,0.12731848657131195,0.12802159786224365,0.10-0.15,False,True,False,True,True,False,False,False,True,0.07443336397409439,-0.24847647547721863,0.3116540312767029,0.10209120810031891,0.17255748808383942,0.11999999731779099,0.07586772739887238,-0.02004120871424675,0.02004120871424675,-0.000261596665950492,-0.015267140232026577,0.015270163305103779,0.033629171550273895,0.05513088405132294,0.0003452669770922512,0.007174219936132431,0.12739315629005432,0.0017255748389288783,-0.0003177302423864603,-0.018543174490332603,0.01854531466960907,0.03176535665988922,0-2deg,0.00-0.04,0.0,0.0,0.0,0.0,0.18493150174617767,4.677768230438232,2.8586089611053467,0.017132947221398354,1.0,1.0,1.0,1.0,0.013256045989692211,0.00020736765873152763,0.012102261185646057,0.022906070575118065,0.0003203321830369532,0.018695026636123657,0.028749782592058182,0.0005974281812086701,0.03486672043800354,0.03487183898687363
30,23,True,True,0.03956969454884529,0.03956969454884529,0.018445130437612534,0.17257468402385712,1.3399999141693115,1.6483322381973267,0.6478269696235657,0.002997065195813775,-0.001162814674898982,0.17257468402385712,0.018445130437612534,-0.019991852343082428,0.004227164201438427,0.6684065461158752,0.2762504816055298,0.17257076501846313,0.17437176406383514,>=0.15,False,True,False,True,True,False,False,False,True,0.02830548584461212,-0.10624699294567108,0.15362121164798737,0.06036917492747307,0.15473781526088715,0.07999999821186066,0.018445130437612534,-0.019991902634501457,0.019991902634501457,-3.9223023122758605e-06,-0.0031823867466300726,0.003183205844834447,0.006300818640738726,0.01014290377497673,0.0,-0.0007909786072559655,0.17257288098335266,0.0015473781386390328,-3.450400299698231e-06,-0.002799507463350892,0.0028049631509929895,0.006446131505072117,0-2deg,0.00-0.04,0.0,0.0,0.0,0.0,0.1848127543926239,4.993039608001709,2.9304897785186768,0.0012325026327744126,1.0,1.0,1.0,1.0,0.001756168669089675,6.487690370704513e-06,0.005263832397758961,0.004158900119364262,7.282775641215267e-06,0.00590893067419529,0.00990961492061615,7.944870958453976e-06,0.006446126848459244,0.006446131505072117
31,8,True,True,0.05379673093557358,0.05104402080178261,0.04084761440753937,0.1443822681903839,3.259999990463257,1.3539756536483765,0.2957044839859009,0.00421873526647687,-0.01251925714313984,0.1443822681903839,0.04084761440753937,-0.0199901070445776,0.016742464154958725,1.5420969724655151,0.604800820350647,0.14383848011493683,0.14080780744552612,0.10-0.15,False,True,False,True,True,False,False,False,True,0.03947114199399948,-0.18453934788703918,0.14751867949962616,0.05880776420235634,0.7017226219177246,0.07999999821186066,0.04084761440753937,-0.020169110968708992,0.020169110968708992,-0.00466049974784255,-0.013915415853261948,0.014677024446427822,0.0033747560810297728,0.05925893783569336,0.0,-0.014298861846327782,0.14367248117923737,0.007017225958406925,-0.0047077760100364685,-0.014056572690606117,0.014822508208453655,0.0015854508383199573,0-2deg,0.00-0.04,0.0,0.0,0.0,0.0,0.18994057178497314,4.921559810638428,3.305422067642212,0.32317447662353516,1.0,1.0,1.0,1.0,0.016073279082775116,0.005123271606862545,0.015297175385057926,0.0240236334502697,0.00838246289640665,0.025028537958860397,0.03350700065493584,0.01364580076187849,0.04074392467737198,0.04296830669045448
32,27,True,True,0.060911569744348526,0.054140593856573105,0.049843937158584595,0.2147994488477707,2.259999990463257,1.2977834939956665,0.4115097224712372,0.004957304801791906,-0.025111276656389236,0.2147994488477707,0.049843937158584595,-0.019998779520392418,0.03130194917321205,0.7091322541236877,0.3640260398387909,0.2133265733718872,0.21067047119140625,>=0.15,False,True,False,True,True,False,False,False,True,0.038514792919158936,-0.22649230062961578,0.1788446307182312,0.11363574862480164,0.6864909529685974,0.07999999821186066,0.049843937158584595,-0.020236579701304436,0.020236579701304436,0.0019225856522098184,0.0137579794973135,0.013892550021409988,0.023395845666527748,0.07708868384361267,0.0003452669770922512,-0.027686944231390953,0.2130075991153717,0.006864909548312426,0.0017207281198352575,0.012313495390117168,0.012434486299753189,0.025171957910060883,0-2deg,0.00-0.04,0.0,0.0,0.0,0.0,0.165243998169899,4.777371406555176,3.3529739379882812,-3.002748489379883,1.0,1.0,1.0,1.0,0.01278818678110838,0.0019081404898315668,0.013654612004756927,0.01924682781100273,0.002794673666357994,0.01999863237142563,0.03288254514336586,0.003851616522297263,0.027562085539102554,0.02782990224659443
33,13,True,True,0.05319768935441971,0.05319768935441971,0.0400782972574234,0.0724424347281456,3.319999933242798,1.2833329439163208,0.22278708219528198,0.0007964400574564934,-0.02807636186480522,0.0724424347281456,0.0400782972574234,-0.020008543506264687,0.028723008930683136,0.5484433770179749,0.2796078622341156,0.06678041815757751,0.12764213979244232,0.10-0.15,False,True,False,True,True,False,False,False,True,0.04257235676050186,-0.05036073178052902,0.11783597618341446,0.1139669194817543,0.1139669194817543,0.05999999865889549,0.0400782972574234,-0.020064689218997955,0.020064689218997955,0.0011827691923826933,-0.00022090543643571436,0.0011960400734096766,0.014404566027224064,0.001423572306521237,0.0,-0.028086509555578232,0.06677614897489548,0.0011396692134439945,0.0017664466286078095,-0.00032991849002428353,0.0017940601101145148,0.01524870004504919,0-2deg,0.00-0.04,0.0,0.0,0.0,0.0,0.18123924732208252,4.6382670402526855,2.9472575187683105,1.7554388046264648,1.0,1.0,1.0,1.0,0.01194127555936575,0.011113817803561687,0.0020757257007062435,0.017686599865555763,0.02247007191181183,0.004196731373667717,0.030100854113698006,0.03479645028710365,0.006498927250504494,0.035398151725530624
34,29,True,True,0.038580797612667084,0.03609313815832138,0.016215601935982704,0.1384078860282898,2.559999942779541,1.1625571250915527,0.32627445459365845,0.006268468219786882,-0.02149179019033909,0.1384078860282898,0.016215601935982704,-0.01999261975288391,0.027530290186405182,1.0909080505371094,0.44534966349601746,0.13672910630702972,0.13202156126499176,0.10-0.15,False,True,False,True,True,False,False,False,True,0.01010444387793541,-0.15525659918785095,0.18484915792942047,0.04941483214497566,0.6990991234779358,0.09999999403953552,0.016215601935982704,-0.020056160166859627,0.020056160166859627,0.02602829597890377,0.008418437093496323,0.02735549956560135,0.0140290642157197,0.044419802725315094,0.0,-0.01952858455479145,0.13702328503131866,0.0069909910671412945,0.024811258539557457,0.008024805225431919,0.026076970621943474,0.017978740856051445,0-2deg,0.00-0.04,0.0,0.0,0.0,0.0,0.19793225824832916,4.417267799377441,3.123004913330078,-1.8836112022399902,1.0,1.0,1.0,1.0,0.01881505735218525,0.02309149131178856,0.007468573283404112,0.027061548084020615,0.03935424983501434,0.01272850576788187,0.0522804781794548,0.045383282005786896,0.014678497798740864,0.0476980097591877
35,21,True,True,0.08093975484371185,0.07414904236793518,0.07298034429550171,0.0705234557390213,2.700000047683716,1.3409985303878784,0.3056918680667877,0.0026496907230466604,0.007569320034235716,0.0705234557390213,0.07298034429550171,-0.0199951883405447,-0.008693506941199303,0.8203709721565247,0.32220372557640076,0.0701160728931427,0.06766296178102493,0.05-0.10,False,True,False,True,True,False,False,False,True,0.07155156135559082,-0.06032134220004082,0.12093370407819748,0.09827042371034622,0.12237748503684998,0.07999999821186066,0.07298034429550171,-0.020009011030197144,0.020009011030197144,-0.013597123324871063,-0.030256569385528564,0.03317052125930786,0.05686652287840843,0.001035800902172923,0.0003452669770922512,0.0055211931467056274,0.07030700147151947,0.0012237748596817255,-0.014953618869185448,-0.033275067806243896,0.036479607224464417,0.05337890610098839,0-2deg,0.04-0.08,0.0,0.0,0.0,0.0,0.1655888855457306,4.662989616394043,2.943455934524536,0.4223499298095703,1.0,1.0,1.0,1.0,0.01956688053905964,0.009381981566548347,0.020876960828900337,0.04148942977190018,0.014953618869185448,0.033275067806243896,0.054450176656246185,0.02737322822213173,0.06091141328215599,0.06677944213151932
36,9,True,True,0.10190576314926147,0.09352317452430725,0.09570066630840302,0.13740313053131104,2.119999885559082,1.5225887298583984,0.44093823432922363,-0.008277328684926033,-0.05681493133306503,0.13740313053131104,0.09570066630840302,-0.01996496319770813,0.047502100467681885,0.4613463878631592,0.2967657148838043,0.12510667741298676,0.12412738800048828,0.10-0.15,False,True,False,True,True,False,False,False,True,0.08813800662755966,-0.3343844413757324,0.4565276503562927,0.09527504444122314,0.10886474698781967,0.14000000059604645,0.09570066630840302,-0.019972072914242744,0.019972072914242744,0.029403772205114365,-0.00815440621227026,0.030513880774378777,0.02465086244046688,0.04138604924082756,0.0006905339541845024,-0.05754007026553154,0.12477482110261917,0.0010886474046856165,0.026030952110886574,-0.007219038438051939,0.02701341174542904,0.0335736982524395,0-2deg,0.00-0.04,0.0,0.0,0.0,0.0,0.19141367077827454,4.931107521057129,3.006078004837036,-1.3002697229385376,1.0,1.0,1.0,1.0,0.018685877323150635,0.022705815732479095,0.006296894513070583,0.02596105821430683,0.03318144008517265,0.009202050045132637,0.047502100467681885,0.03899936378002167,0.010815504938364029,0.04047129303216934
37,31,True,True,0.047822847962379456,0.047822847962379456,0.0325867235660553,0.20013652741909027,2.419999837875366,1.2499247789382935,0.28352048993110657,0.004306063987314701,0.015236329287290573,0.20013652741909027,0.0325867235660553,-0.019994687288999557,-0.009915814734995365,0.8304879069328308,0.4098675847053528,0.19955572485923767,0.19484852254390717,>=0.15,False,True,False,True,True,False,False,False,True,0.035161420702934265,0.042028386145830154,0.22057369351387024,0.4787302315235138,0.4787302315235138,0.05999999865889549,0.0325867235660553,-0.020028861239552498,0.020028861239552498,0.010535434819757938,0.01313579361885786,0.01683705486357212,0.05435650423169136,0.002156191971153021,0.0,0.011665510945022106,0.19979627430438995,0.0047873021103441715,0.011879412457346916,0.014811491593718529,0.018986830487847328,0.053011804819107056,0-2deg,0.04-0.08,0.0,0.0,0.0,0.0,0.16843411326408386,4.843245506286621,3.0771126747131348,-2.465609073638916,1.0,1.0,1.0,1.0,0.024698663502931595,0.022692417725920677,0.02829337865114212,0.039305076003074646,0.0318094938993454,0.0396607331931591,0.043048955500125885,0.03642106056213379,0.04541052505373955,0.05821176618337631
38,10,True,True,0.08858384191989899,0.0853719562292099,0.0814133808016777,0.2521929442882538,1.8799999952316284,1.3436802625656128,0.3899781107902527,-0.016614796593785286,-0.00748760811984539,0.2521929442882538,0.0814133808016777,-0.01981488987803459,-0.005657141096889973,0.6110538840293884,0.3456144630908966,0.2520817518234253,0.1179119348526001,0.10-0.15,False,True,False,True,True,False,False,False,True,0.07783190160989761,-0.15041115880012512,0.41542258858680725,0.1087561547756195,0.1087561547756195,0.07999999821186066,0.0814133808016777,-0.01981488987803459,0.01981488987803459,0.012796757742762566,-0.01880764774978161,0.02274884283542633,0.043371811509132385,0.011262327432632446,0.0037186413537710905,-0.006393804680556059,0.25211188197135925,0.0010875614825636148,0.014203708618879318,-0.020875466987490654,0.025247691199183464,0.039955805987119675,0-2deg,0.04-0.08,0.0,0.0,0.0,0.0,0.17836685478687286,5.156365871429443,3.15735125541687,2.5441412925720215,1.0,1.0,1.0,1.0,0.023674704134464264,0.015569217503070831,0.022882385179400444,0.03443950042128563,0.022412551566958427,0.03294016793370247,0.05562491714954376,0.03277923911809921,0.04817629233002663,0.058270350098609924
39,25,True,True,0.05510130152106285,0.04912556707859039,0.042555682361125946,0.25035396218299866,2.0799999237060547,1.3301256895065308,0.40495333075523376,0.006317734252661467,-0.01992376148700714,0.25035396218299866,0.042555682361125946,-0.019994644448161125,0.027129201218485832,0.5173629522323608,0.32012417912483215,0.2495599240064621,0.24510550498962402,>=0.15,False,True,False,True,True,False,False,False,True,0.0351765975356102,-0.24598589539527893,0.28794434666633606,0.06391361355781555,0.1771588772535324,0.09999999403953552,0.042555682361125946,-0.020011374726891518,0.020011374726891518,-0.011170923709869385,0.015894580632448196,0.01942751742899418,0.033031776547431946,0.02099647931754589,0.0,-0.014559152536094189,0.2499302625656128,0.0017715886933729053,-0.012533631175756454,0.017833512276411057,0.021796051412820816,0.026185745373368263,0-2deg,0.00-0.04,0.0,0.0,0.0,0.0,0.17523697018623352,4.826462745666504,3.138028860092163,2.5289809703826904,1.0,1.0,1.0,1.0,0.02518065832555294,0.02104613371193409,0.02994554676115513,0.040594786405563354,0.031070571392774582,0.04420884698629379,0.05312317982316017,0.03580503538250923,0.05094528570771217,0.062268953770399094
40,24,True,True,0.037020862102508545,0.036587972193956375,0.012068891897797585,0.16069042682647705,2.0199999809265137,1.2807165384292603,0.33581629395484924,0.002292225370183587,-0.007556345779448748,0.16069042682647705,0.012068891897797585,-0.020007601007819176,0.010005030781030655,0.9598831534385681,0.4450218677520752,0.16051265597343445,0.20186829566955566,>=0.15,False,True,False,True,True,False,False,False,True,0.020803945139050484,-0.24737496674060822,0.3738190829753876,0.07136397808790207,0.10761222243309021,0.09999999403953552,0.012068891897797585,-0.02000867947936058,0.02000867947936058,0.0009261665982194245,-0.0026084191631525755,0.002762136748060584,0.02524299919605255,0.06643012911081314,0.0005980199784971774,-0.007677712477743626,0.16050690412521362,0.0010761221637949347,0.0002532360958866775,-0.0007132061291486025,0.0007720404537394643,0.024992164224386215,0-2deg,0.00-0.04,0.0,0.0,0.0,0.0,0.17285174131393433,5.114503383636475,2.901611804962158,-0.3411826491355896,1.0,1.0,1.0,1.0,0.011073055677115917,0.005482100881636143,0.015439578332006931,0.01612943783402443,0.007403864525258541,0.02085195854306221,0.024093374609947205,0.009199746884405613,0.02590980939567089,0.027494609355926514
41,30,True,True,0.035298582166433334,0.035298582166433334,0.004517674911767244,0.14467494189739227,2.1599998474121094,1.249326229095459,0.3538246750831604,0.002660105936229229,-0.0027005933225154877,0.14467494189739227,0.004517674911767244,-0.019991712644696236,0.005320634227246046,1.0037682056427002,0.4278695583343506,0.14464972913265228,0.14481781423091888,0.10-0.15,False,True,False,True,True,False,False,False,True,0.01029236614704132,-0.1649487018585205,0.2303534895181656,0.02728309854865074,0.2241194248199463,0.07999999821186066,0.004517674911767244,-0.019996698945760727,0.019996698945760727,0.0004207231104373932,0.00021104817278683186,0.00048828125,0.013356480747461319,0.02284819819033146,0.0,-0.0026556323282420635,0.14465056359767914,0.002241194248199463,-0.0003200327046215534,-0.00016053853323683143,0.0003452669770922512,0.014273458160459995,0-2deg,0.00-0.04,0.0,0.0,0.0,0.0,0.1601864993572235,5.112354755401611,3.28892183303833,-2.0357494354248047,1.0,1.0,1.0,1.0,0.006925642024725676,0.014666675589978695,0.007357286289334297,0.016817305237054825,0.02360145002603531,0.011839266866445541,0.02703091874718666,0.017362521961331367,0.008709613233804703,0.01942458748817444
42,20,True,True,0.04948463290929794,0.041745930910110474,0.03495818376541138,0.20891425013542175,2.3399999141693115,1.1066229343414307,0.31487786769866943,0.007898860611021519,-0.054349109530448914,0.20891425013542175,0.03495818376541138,-0.0199885293841362,0.060479287058115005,1.0187281370162964,0.43607479333877563,0.2017209380865097,0.1976931095123291,>=0.15,False,True,False,True,True,False,False,False,True,0.021833347156643867,-0.20275437831878662,0.1247038021683693,0.06585042923688889,0.2638368010520935,0.09999999403953552,0.03495818376541138,-0.02000904642045498,0.02000904642045498,0.0029577617533504963,-0.03611413761973381,0.03623528033494949,0.047596804797649384,0.009128410369157791,0.00048828125,-0.048405721783638,0.20322903990745544,0.002638367936015129,0.002634383039548993,-0.03216569498181343,0.032274167984724045,0.051219381392002106,2-4deg,0.04-0.08,0.0,0.0,0.0,0.0,0.18254880607128143,4.487864971160889,3.3937156200408936,-0.08171799778938293,1.0,1.0,1.0,1.0,0.030371585860848427,0.0029606863390654325,0.03614984452724457,0.04639860987663269,0.004061270970851183,0.049587931483983994,0.07011470198631287,0.006439263001084328,0.07862310111522675,0.07888635247945786
43,26,True,True,0.08906541764736176,0.08906541764736176,0.08190528303384781,0.10686158388853073,1.9399999380111694,1.5477193593978882,0.5118332505226135,0.0009296174393966794,-0.016605421900749207,0.10686158388853073,0.08190528303384781,-0.019973348826169968,0.020377803593873978,0.9274994730949402,0.4548257291316986,0.10556352883577347,0.10090748965740204,0.10-0.15,False,True,False,True,True,False,False,False,True,0.09098789840936661,-0.24650688469409943,0.3656418025493622,0.17140591144561768,0.20413413643836975,0.09999999403953552,0.08190528303384781,-0.02003556489944458,0.02003556489944458,0.041118647903203964,-0.0001529964356450364,0.04111867398023605,0.042719826102256775,0.05128328874707222,0.00048828125,-0.015747442841529846,0.10569492727518082,0.00204134127125144,0.04425276443362236,-0.00016465802036691457,0.044253043830394745,0.035556137561798096,2-4deg,0.04-0.08,0.0,0.0,0.0,0.0,0.19133125245571136,4.498504638671875,3.38417387008667,-1.567075490951538,1.0,1.0,1.0,1.0,0.02649221196770668,0.0315619632601738,0.00011743741924874485,0.04204237461090088,0.04464021697640419,0.0001660996931605041,0.05160167068243027,0.07164023816585541,0.00026656273985281587,0.0716407373547554
44,11,True,True,0.06193683668971062,0.06193683668971062,0.0510924868285656,0.19676297903060913,4.400000095367432,1.4614826440811157,0.21325433254241943,0.008466399274766445,0.025582334026694298,0.19676297903060913,0.0510924868285656,-0.019991807639598846,-0.01985768787562847,1.0338318347930908,0.34546324610710144,0.1950928419828415,0.18978054821491241,>=0.15,False,True,False,True,True,False,False,False,True,0.05444260314106941,-0.14561082422733307,0.06320387870073318,0.07681978493928909,0.18771018087863922,0.09999999403953552,0.0510924868285656,-0.019991807639598846,0.019991807639598846,-0.0015651686117053032,-0.00011927727609872818,0.0015822122804820538,0.05482317507266998,0.06337909400463104,0.0,0.025731384754180908,0.1950732320547104,0.0018771017203107476,0.0027786954306066036,0.0002117567928507924,0.0027836323715746403,0.054034117609262466,0-2deg,0.04-0.08,0.0,0.0,0.0,0.0,0.18304234743118286,5.078896522521973,3.114896059036255,-1.6468565464019775,1.0,1.0,1.0,1.0,0.02073003351688385,0.030415145680308342,0.002317853970453143,0.03163763880729675,0.0463319793343544,0.003530832240357995,0.050856202840805054,0.05514852702617645,0.004202716983854771,0.05530843511223793
45,28,True,True,0.09528414905071259,0.08512433618307114,0.08863087743520737,0.10732035338878632,2.259999990463257,1.3918933868408203,0.3957073986530304,0.00727204279974103,-0.03112735226750374,0.10732035338878632,0.08863087743520737,-0.019992472603917122,0.04184987023472786,0.5823866724967957,0.29988324642181396,0.10270709544420242,0.1058439388871193,0.10-0.15,False,True,False,True,True,False,False,False,True,0.08075819909572601,-0.1224396750330925,0.1014346331357956,0.04057356342673302,0.1592266708612442,0.11999999731779099,0.08863087743520737,-0.019992904737591743,0.019992904737591743,0.001927269739098847,0.010599168948829174,0.010775480419397354,0.04944394528865814,0.04859428480267525,0.0003452669770922512,-0.03125753253698349,0.10266754776239395,0.0015922667225822806,0.0009964645141735673,0.005480138119310141,0.005567269865423441,0.05453686788678169,0-2deg,0.04-0.08,0.0,0.0,0.0,0.0,0.18038234114646912,5.13198709487915,3.1496169567108154,-2.9617257118225098,1.0,1.0,1.0,1.0,0.014436000026762486,0.0049803839065134525,0.02739000879228115,0.019487379118800163,0.006211878731846809,0.0341627262532711,0.04184987023472786,0.009756572544574738,0.05365705490112305,0.05453686788678169
46,2,True,True,0.06043552607297897,0.05600791797041893,0.04927205666899681,0.10596425831317902,2.359999895095825,1.5685107707977295,0.4122650921344757,0.0036433562636375427,0.004997361451387405,0.10596425831317902,0.04927205666899681,-0.019998444244265556,-0.0008137235417962074,0.8678051829338074,0.3727615177631378,0.1058463454246521,0.04836631938815117,0.00-0.05,False,True,False,True,True,False,False,False,True,0.04330407455563545,-0.17554247379302979,0.25551852583885193,0.11241056025028229,0.11241056025028229,0.07999999821186066,0.04927205666899681,-0.019998444244265556,0.019998444244265556,-0.005877027288079262,-0.018872356042265892,0.019765160977840424,0.01509210653603077,0.02594863809645176,0.0,0.0054595996625721455,0.10582350939512253,0.0011241055326536298,-0.0061358921229839325,-0.01970362663269043,0.020635666325688362,0.013907968066632748,0-2deg,0.00-0.04,0.0,0.0,0.0,0.0,0.17995305359363556,4.876852512359619,3.0743045806884766,0.30189087986946106,1.0,1.0,1.0,1.0,0.008968665264546871,0.0034456851426512003,0.011064811609685421,0.013130472972989082,0.00617950176820159,0.01984366774559021,0.021271705627441406,0.007169518619775772,0.023022813722491264,0.02411331608891487
47,12,True,True,0.08885373920202255,0.08698880672454834,0.08167262375354767,0.15796703100204468,2.2799999713897705,1.3976752758026123,0.3505805432796478,-0.015206648968160152,-0.05144401267170906,0.15796703100204468,0.08167262375354767,-0.02000359073281288,0.03734137862920761,0.8268364071846008,0.4433019757270813,0.14935559034347534,0.10470661520957947,0.10-0.15,False,True,False,True,True,False,False,False,True,0.08050165325403214,-0.16599369049072266,0.3715660572052002,0.023101218044757843,0.04786098748445511,0.09999999403953552,0.08167262375354767,-0.020011236891150475,0.020011236891150475,-0.03467009961605072,0.008358711376786232,0.03566313907504082,0.023022856563329697,0.02146258018910885,0.0003452669770922512,-0.04801497608423233,0.15049301087856293,0.00047860987251624465,-0.03265269845724106,0.007872330956161022,0.03358844667673111,0.02886505052447319,2-4deg,0.00-0.04,0.0,0.0,0.0,0.0,0.19745919108390808,4.517314910888672,2.978086471557617,1.807374358177185,1.0,1.0,1.0,1.0,0.02251572534441948,0.027849746868014336,0.006714373826980591,0.02968968078494072,0.038481976836919785,0.009277727454900742,0.038588326424360275,0.052365586161613464,0.012624967843294144,0.053865984082221985
48,5,True,True,0.0914919301867485,0.08842287212610245,0.08453387022018433,0.14588727056980133,2.0,1.6351069211959839,0.4683760106563568,0.004052871372550726,0.005494622513651848,0.14588727056980133,0.08453387022018433,-0.01999162882566452,-0.00014354335144162178,0.5190061330795288,0.223389133810997,0.14578375220298767,0.14393629133701324,0.10-0.15,False,True,False,True,True,False,False,False,True,0.083102747797966,-0.05718650296330452,0.16170161962509155,0.0414591021835804,0.3077535331249237,0.07999999821186066,0.08453387022018433,-0.020010262727737427,0.020010262727737427,0.02019028179347515,-0.00021661298524122685,0.020191820338368416,0.020433757454156876,0.016157783567905426,0.0,0.00858495756983757,0.14563444256782532,0.003077535191550851,0.021383345127105713,-0.00022941282077226788,0.021384675055742264,0.019326409325003624,0-2deg,0.00-0.04,0.0,0.0,0.0,0.0,0.16381920874118805,4.761885643005371,3.1597001552581787,1.5815244913101196,1.0,1.0,1.0,1.0,0.01078454777598381,0.013647052459418774,0.00014641342568211257,0.016918255016207695,0.021383345127105713,0.00022941282077226788,0.016900260001420975,0.02674100548028946,0.0002868928713724017,0.026742544025182724
49,19,True,True,0.06854014098644257,0.06854014098644257,0.058928340673446655,0.06835874915122986,2.059999942779541,1.0411254167556763,0.2556694447994232,0.013313576579093933,0.054786473512649536,0.06835874915122986,0.058928340673446655,-0.020010383799672127,-0.04257368668913841,0.3801634609699249,0.21077333390712738,0.04088227450847626,0.03052382916212082,0.00-0.05,False,True,False,True,True,False,False,False,True,0.06499245762825012,-0.06587280333042145,0.12757371366024017,0.04731395095586777,0.6659052968025208,0.14000000059604645,0.058928340673446655,-0.020033910870552063,0.020033910870552063,0.033785924315452576,0.009771689772605896,0.03516992926597595,0.03895697742700577,0.07311836630105972,0.001035800902172923,0.055475980043411255,0.03994163125753403,0.006659052800387144,0.02894149348139763,0.008370566181838512,0.030126549303531647,0.04498118534684181,2-4deg,0.00-0.04,0.0,0.0,0.0,0.0,0.1605687290430069,5.078919887542725,3.141875982284546,1.289255142211914,1.0,1.0,1.0,1.0,0.022068386897444725,0.03492870554327965,0.010102211497724056,0.03030615858733654,0.04559003934264183,0.013185719959437847,0.042822569608688354,0.04321020469069481,0.012497417628765106,0.04498118534684181
50,16,True,True,0.04994470253586769,0.044259414076805115,0.03563006967306137,0.205082967877388,2.759999990463257,1.1448142528533936,0.2592858076095581,0.0020557695534080267,0.013640893623232841,0.205082967877388,0.03563006967306137,-0.019996032118797302,-0.012472311034798622,0.8994995355606079,0.34613415598869324,0.2046288251876831,0.2029009312391281,>=0.15,False,True,False,True,True,False,False,False,True,0.02825300768017769,-0.15072204172611237,0.25997060537338257,0.05114636570215225,0.19712644815444946,0.09999999403953552,0.03563006967306137,-0.020050829276442528,0.020050829276442528,-0.007335785776376724,0.019514277577400208,0.02084832824766636,0.03538355231285095,0.06771520525217056,0.0003452669770922512,0.010197932831943035,0.20482927560806274,0.0019712643697857857,-0.008280361071228981,0.022026987746357918,0.023531949147582054,0.03171027451753616,0-2deg,0.00-0.04,0.0,0.0,0.0,0.0,0.1902332454919815,5.068830966949463,3.3470335006713867,-0.359576016664505,1.0,1.0,1.0,1.0,0.026179933920502663,0.012088462710380554,0.03215711563825607,0.04510338231921196,0.017352484166622162,0.04616018757224083,0.040851712226867676,0.022190064191818237,0.05902886390686035,0.0630619153380394
51,14,True,True,0.05210078880190849,0.05105363205075264,0.038608700037002563,0.10763777047395706,3.0399999618530273,1.4120742082595825,0.3535385727882385,0.00828056875616312,0.03278588503599167,0.10763777047395706,0.038608700037002563,-0.020019598305225372,-0.024916771799325943,1.4986686706542969,0.5850133895874023,0.10252305120229721,0.09431103616952896,0.05-0.10,False,True,False,True,True,False,False,False,True,0.044650234282016754,-0.17843298614025116,0.24256251752376556,0.06087758019566536,0.2255292385816574,0.11999999731779099,0.038608700037002563,-0.02002718858420849,0.02002718858420849,-0.009403500705957413,0.007219627033919096,0.011855353601276875,0.014317663386464119,0.09117094427347183,0.0003452669770922512,0.03276419639587402,0.10252998024225235,0.0022552923765033484,-0.008126605302095413,0.006239278241991997,0.010248136706650257,0.017907695844769478,0-2deg,0.00-0.04,0.0,0.0,0.0,0.0,0.18756230175495148,4.670502185821533,3.395616054534912,-0.916025698184967,1.0,1.0,1.0,1.0,0.013322950340807438,0.009220128878951073,0.007078841328620911,0.020601307973265648,0.012583122588694096,0.00966081116348505,0.03366103023290634,0.0279567651450634,0.021464066579937935,0.03524608910083771
52,6,True,True,0.10795164853334427,0.0927569568157196,0.10211948305368423,0.14894577860832214,2.2200000286102295,1.4319947957992554,0.4381653368473053,-0.013827680610120296,-0.0451689213514328,0.14894577860832214,0.10211948305368423,-0.020001888275146484,0.031182173639535904,0.46626007556915283,0.25375431776046753,0.1419317126274109,0.21341899037361145,>=0.15,False,True,False,True,True,False,False,False,True,0.09732266515493393,-0.08813846856355667,0.11916857957839966,0.02153218910098076,0.048464953899383545,0.07999999821186066,0.10211948305368423,-0.020001888275146484,0.020001888275146484,0.044391483068466187,-0.014505156315863132,0.046699605882167816,0.0037556972820311785,0.002868003910407424,0.0003452669770922512,-0.051486946642398834,0.13976386189460754,0.0004846495285164565,0.04451163858175278,-0.014544416218996048,0.0468258410692215,0.00046572263818234205,2-4deg,0.00-0.04,0.0,0.0,0.0,0.0,0.19468821585178375,4.563610553741455,3.2470510005950928,-1.2549775838851929,1.0,1.0,1.0,1.0,0.030203036963939667,0.03493141382932663,0.011414026841521263,0.04131219536066055,0.0598926804959774,0.019570253789424896,0.08053622394800186,0.07284651696681976,0.0238029882311821,0.07663679122924805
53,27,True,True,0.060711976140737534,0.049347952008247375,0.04960465803742409,0.20208701491355896,1.8600000143051147,1.4454216957092285,0.4747757911682129,0.007572436239570379,-0.03501737862825394,0.20208701491355896,0.04960465803742409,-0.019999532029032707,0.04228668659925461,0.45482495427131653,0.25293123722076416,0.19903001189231873,0.19829367101192474,>=0.15,False,True,False,True,True,False,False,False,True,0.04557761549949646,-0.03138729929924011,0.2343936562538147,0.04359513148665428,0.14275690913200378,0.05999999865889549,0.04960465803742409,-0.019999532029032707,0.019999532029032707,-0.03684213384985924,0.010750929825007915,0.0383782796561718,0.00529378280043602,0.003009968902915716,0.0,-0.02771572396159172,0.20017743110656738,0.0014275690773501992,-0.036574043333530426,0.01067269779741764,0.038099195808172226,0.008660383522510529,2-4deg,0.00-0.04,0.0,0.0,0.0,0.0,0.19147682189941406,4.920443058013916,2.8980348110198975,1.8547232151031494,1.0,1.0,1.0,1.0,0.023996500298380852,0.023387981578707695,0.006824864074587822,0.032348860055208206,0.03699958696961403,0.010796877555549145,0.048178646713495255,0.04593783989548683,0.01340515911579132,0.04785376787185669
54,3,True,True,0.04637526720762253,0.0392608642578125,0.030414195731282234,0.1968083381652832,2.759999990463257,1.4253392219543457,0.3009043037891388,0.0048834276385605335,0.017324956133961678,0.1968083381652832,0.030414195731282234,-0.019992517307400703,-0.011854598298668861,1.6429234743118286,0.6276675462722778,0.19604429602622986,0.1966302990913391,>=0.15,False,True,False,True,True,False,False,False,True,0.0068824333138763905,-0.13445065915584564,0.3184940218925476,0.0476529523730278,0.1775350570678711,0.1599999964237213,0.030414195731282234,-0.020091798156499863,0.020091798156499863,-0.005627616308629513,0.02075823023915291,0.02150697261095047,0.029855864122509956,0.10716419667005539,0.0,0.016883419826626778,0.19608281552791595,0.0017753505380824208,-0.006628011353313923,0.024448320269584656,0.0253301952034235,0.024774674326181412,0-2deg,0.00-0.04,0.0,0.0,0.0,0.0,0.18490420281887054,5.068217754364014,3.3913559913635254,-0.2647395730018616,1.0,1.0,1.0,1.0,0.021527282893657684,0.008225733414292336,0.030341729521751404,0.029491150751709938,0.012123707681894302,0.044719938188791275,0.04244937747716904,0.013059561140835285,0.048171959817409515,0.04991082102060318
55,22,True,True,0.03570839390158653,0.034942369908094406,0.00702910590916872,0.16739711165428162,2.679999828338623,1.2274104356765747,0.32705387473106384,0.004104935098439455,0.013136593624949455,0.16739711165428162,0.00702910590916872,-0.019989149644970894,-0.009203155525028706,0.5228661298751831,0.284561425447464,0.16688086092472076,0.16429808735847473,>=0.15,False,True,False,True,True,False,False,False,True,0.00923369824886322,-0.10963238775730133,0.1807420551776886,0.020300664007663727,0.4902815520763397,0.11999999731779099,0.00702910590916872,-0.02011069282889366,0.02011069282889366,-0.03234964981675148,-0.015383613295853138,0.03581993281841278,0.02677019126713276,0.12120188027620316,0.0,0.008921888656914234,0.16715918481349945,0.004902815446257591,-0.03458225727081299,-0.016445312649011612,0.03829118609428406,0.022617673501372337,2-4deg,0.00-0.04,0.0,0.0,0.0,0.0,0.16896995902061462,4.4446587562561035,3.364220142364502,-2.0146868228912354,1.0,1.0,1.0,1.0,0.01875876635313034,0.022696560248732567,0.010793168097734451,0.02795231342315674,0.03458225727081299,0.016445312649011612,0.027801847085356712,0.03973360359668732,0.018894996494054794,0.04399750381708145
56,18,True,True,0.036587201058864594,0.036587201058864594,0.010760878212749958,0.10232590138912201,2.879999876022339,1.3110123872756958,0.255337119102478,-0.010820094496011734,0.019618524238467216,0.10232590138912201,0.010760878212749958,-0.020023679360747337,-0.030727429315447807,0.9937799572944641,0.3515265882015228,0.10042760521173477,0.2139311134815216,>=0.15,False,True,False,True,True,False,False,False,True,0.032992005348205566,-0.18784701824188232,0.31283581256866455,0.06754471361637115,0.14320403337478638,0.11999999731779099,0.010760878212749958,-0.02008795365691185,0.02008795365691185,-0.021939441561698914,-0.012849729508161545,0.025424154475331306,0.014466618187725544,0.08507003635168076,0.0008457279182039201,0.017237568274140358,0.10086355358362198,0.0014320403570309281,-0.02055184729397297,-0.01203702762722969,0.02381647750735283,0.017628971487283707,0-2deg,0.00-0.04,0.0,0.0,0.0,0.0,0.19121451675891876,4.719475746154785,3.2526676654815674,-2.100627899169922,1.0,1.0,1.0,1.0,0.029573870822787285,0.02566480077803135,0.01503163855522871,0.05065295845270157,0.04010353609919548,0.023488271981477737,0.08585674315690994,0.058357805013656616,0.03417963162064552,0.06763046979904175
57,7,True,True,0.09724164754152298,0.09118597209453583,0.09071766585111618,0.20123979449272156,2.3999998569488525,1.2642842531204224,0.302267462015152,0.006985769607126713,-0.020835058763623238,0.20123979449272156,0.09071766585111618,-0.01998770423233509,0.027661439031362534,0.6316233277320862,0.2997089922428131,0.20015831291675568,0.19558784365653992,>=0.15,False,True,False,True,True,False,False,False,True,0.0837898999452591,-0.11650370061397552,0.028991105034947395,0.05705753341317177,0.21747902035713196,0.07999999821186066,0.09071766585111618,-0.02000766433775425,0.02000766433775425,-0.036943063139915466,0.022663775831460953,0.04333817958831787,0.022840075194835663,0.023197732865810394,0.0,-0.014130907133221626,0.20074304938316345,0.0021747902501374483,-0.03798750415444374,0.023304510861635208,0.04456319659948349,0.017986364662647247,2-4deg,0.00-0.04,0.0,0.0,0.0,0.0,0.18943051993846893,5.166535377502441,3.271531105041504,2.121067523956299,1.0,1.0,1.0,1.0,0.0243903249502182,0.026835069060325623,0.01646273583173752,0.03661947324872017,0.03798750415444374,0.023304510861635208,0.04282829910516739,0.05183136463165283,0.03179742395877838,0.060807619243860245
58,8,True,True,0.09479305148124695,0.09153171628713608,0.08824080973863602,0.1792617291212082,2.2200000286102295,1.5226714611053467,0.4596330225467682,-0.006911462172865868,-0.008416998200118542,0.1792617291212082,0.08824080973863602,-0.019510332494974136,0.0028256429359316826,0.869646430015564,0.48975661396980286,0.17906402051448822,0.21200455725193024,>=0.15,False,True,False,True,True,False,False,False,True,0.08515739440917969,-0.24366457760334015,0.4485633671283722,0.1451984941959381,0.1451984941959381,0.07999999821186066,0.08824080973863602,-0.019599055871367455,0.019599055871367455,0.024434641003608704,0.013309136033058167,0.027824360877275467,0.0347994826734066,0.024270188063383102,0.009747335687279701,-0.01107252947986126,0.17891943454742432,0.0014519848627969623,0.02621963992714882,0.014281395822763443,0.02985622175037861,0.03293224796652794,0-2deg,0.00-0.04,0.0,0.0,0.0,0.0,0.19672594964504242,4.583387851715088,3.144958734512329,1.0720443725585938,1.0,1.0,1.0,1.0,0.013911571353673935,0.01766929030418396,0.009624163620173931,0.02656465768814087,0.02794037200510502,0.015218649059534073,0.027639251202344894,0.037381306290626526,0.02036096714437008,0.042566780000925064
59,13,True,True,0.041305575519800186,0.041305575519800186,0.021919555962085724,0.04141867533326149,2.2200000286102295,1.3616669178009033,0.34642380475997925,0.0047778720036149025,0.011199109256267548,0.04141867533326149,0.021919555962085724,-0.019993981346488,-0.0069978549145162106,0.9832643866539001,0.4077385663986206,0.03987588733434677,0.03743895888328552,0.00-0.05,False,True,False,True,True,False,False,False,True,0.02557038702070713,-0.26370811462402344,0.3183678686618805,0.042206600308418274,0.1421138346195221,0.11999999731779099,0.021919555962085724,-0.019994337111711502,0.019994337111711502,-0.00878303125500679,0.031384628266096115,0.03259032964706421,0.04529239982366562,0.009820441715419292,0.0,0.012636207044124603,0.03944404423236847,0.0014211382949724793,-0.009932124987244606,0.03549071401357651,0.036853574216365814,0.03990226984024048,0-2deg,0.04-0.08,0.0,0.0,0.0,0.0,0.1967869997024536,4.49045467376709,3.0748960971832275,-0.27287089824676514,1.0,1.0,1.0,1.0,0.023741601034998894,0.007895690388977528,0.028213871642947197,0.03695443272590637,0.010741635225713253,0.0383833572268486,0.05033000931143761,0.016695022583007812,0.059656739234924316,0.06194877251982689
60,4,True,True,0.03725908696651459,0.03725908696651459,0.012738073244690895,0.12051496654748917,2.7200000286102295,1.416961669921875,0.3580411970615387,0.007813621312379837,0.026366878300905228,0.12051496654748917,0.012738073244690895,-0.019983023405075073,-0.018923606723546982,1.2031810283660889,0.4861529767513275,0.11759525537490845,0.11240121722221375,0.10-0.15,False,True,False,True,True,False,False,False,True,0.0195478405803442,-0.13916026055812836,0.18479792773723602,0.12651699781417847,0.3545777499675751,0.09999999403953552,0.012738073244690895,-0.020000362768769264,0.020000362768769264,-0.012846037745475769,-0.018024682998657227,0.022132577374577522,0.05114380642771721,0.07498424500226974,0.0,0.029231462627649307,0.11691611260175705,0.0035457774065434933,-0.015188399702310562,-0.021311325952410698,0.026168247684836388,0.04957424849271774,0-2deg,0.04-0.08,0.0,0.0,0.0,0.0,0.18677227199077606,4.464832782745361,3.0140254497528076,0.6191930770874023,1.0,1.0,1.0,1.0,0.01705033890902996,0.014810905791819096,0.02078164741396904,0.030621759593486786,0.020609134808182716,0.028917329385876656,0.0283141378313303,0.02998882159590721,0.04207826405763626,0.05167116969823837
61,23,True,True,0.10019361227750778,0.09687120467424393,0.09383571147918701,0.1862424910068512,2.419999837875366,1.3338971138000488,0.31891709566116333,-0.01726154051721096,-0.07665795087814331,0.1862424910068512,0.09383571147918701,-0.019941525533795357,0.05628274381160736,1.2257806062698364,0.3449935019016266,0.16973456740379333,0.18925553560256958,>=0.15,False,True,False,True,True,False,False,False,True,0.09235387295484543,-0.11917547881603241,0.11964200437068939,0.04142457991838455,0.2232464849948883,0.07999999821186066,0.09383571147918701,-0.02003803849220276,0.02003803849220276,0.02271481417119503,0.001117556355893612,0.022740980610251427,0.04392564296722412,0.035914674401283264,0.001423572306521237,-0.07325383275747299,0.1712312549352646,0.0022324647288769484,0.019982874393463135,0.0009831463685259223,0.02000795118510723,0.047176606953144073,0-2deg,0.04-0.08,0.0,0.0,0.0,0.0,0.17358838021755219,4.477344036102295,3.142080068588257,-1.619956135749817,1.0,1.0,1.0,1.0,0.02179143577814102,0.02521827630698681,0.0012407251633703709,0.03524287790060043,0.03536132723093033,0.0017397579504176974,0.0588713064789772,0.058303944766521454,0.0028685221914201975,0.058374468237161636
62,15,True,True,0.11928430199623108,0.11928430199623108,0.11403359472751617,0.12746980786323547,3.5199999809265137,1.5850727558135986,0.2435898333787918,-0.006569127086549997,0.0039556617848575115,0.12746980786323547,0.11403359472751617,-0.019997889176011086,-0.013162229210138321,1.3776904344558716,0.41151559352874756,0.12740841507911682,0.20381499826908112,>=0.15,False,True,False,True,True,False,False,False,True,0.11999057978391647,0.034198347479104996,0.3137768805027008,0.025370683521032333,0.060976263135671616,1.3199999332427979,0.11403359472751617,-0.020010994747281075,0.020010994747281075,0.014630189165472984,-0.022252675145864487,0.026631144806742668,0.03008199855685234,0.010036567226052284,0.0,0.007216854952275753,0.1272653490304947,0.0006097626173868775,-0.015300663188099861,0.023272475227713585,0.027850057929754257,0.024285124614834785,0-2deg,0.00-0.04,0.0,0.0,0.0,0.0,0.1972566843032837,4.87941312789917,2.8360397815704346,-0.5815998911857605,1.0,1.0,1.0,1.0,0.015612169168889523,0.011693676933646202,0.017786210402846336,0.027586327865719795,0.01797330379486084,0.02733759395778179,0.045006163418293,0.027895569801330566,0.04242946207523346,0.050778165459632874
63,29,True,True,0.11086688190698624,0.1011330783367157,0.10518723726272583,0.16332678496837616,2.1599998474121094,1.361670970916748,0.36659032106399536,-0.012909104116261005,-0.06384766846895218,0.16332678496837616,0.10518723726272583,-0.019990449771285057,0.052945058792829514,0.5330100655555725,0.28445544838905334,0.15033002197742462,0.14488224685192108,0.10-0.15,False,True,False,True,True,False,False,False,True,0.09881318360567093,-0.1078174039721489,0.11871734261512756,0.025030670687556267,0.1779940277338028,0.07999999821186066,0.10518723726272583,-0.02000700868666172,0.02000700868666172,-0.025059808045625687,-0.010068557225167751,0.027006791904568672,0.03254260867834091,0.0279227402061224,0.0,-0.06692925840616226,0.14898359775543213,0.0017799402121454477,-0.023133093491196632,-0.009294440969824791,0.024929305538535118,0.036607544869184494,0-2deg,0.00-0.04,0.0,0.0,0.0,0.0,0.17932143807411194,5.039109706878662,2.873137950897217,1.1887553930282593,1.0,1.0,1.0,1.0,0.024276550859212875,0.023757563903927803,0.00954534113407135,0.03423292934894562,0.036942094564437866,0.014842635951936245,0.05818568915128708,0.055492132902145386,0.022295692935585976,0.05980363488197327
