checkpoint_path,checkpoint_sha256,actor_sha256,train_seed,epoch,training_reward,kind,test_transitions,action_mse_vs_bc,action_mse_vs_teacher,actor_parameter_l2,actor_parameter_relative_l2,running_mean_l2,running_mean_mse,running_var_l2,running_var_mse,running_count_delta,action_dim_mse_vs_bc_0,action_dim_mse_vs_bc_1,action_dim_mse_vs_bc_2,action_dim_mse_vs_bc_3,action_dim_mse_vs_teacher_0,action_dim_mse_vs_teacher_1,action_dim_mse_vs_teacher_2,action_dim_mse_vs_teacher_3
/home/j/Isaac_RL_Projects/quadcopter_waypoint/logs/rl_games/p7_bc_ppo/seed42/nn/last_p7_bc_ppo_ep_10_rew_51.82845.pth,f2e28556cbee69d6e344ea380e57c9e1f9bbe11b75f35746a0082cdaabb34e77,b625d7cd9ac59fcaf1e45843f47fc8713efd93d01d794536ecdb5d5f7e3f7198,42,10,51.82845,periodic,51901,0.0006123031489551067,0.0008480060496367514,0.48336041103873334,0.05187248461976362,0.007253831456161461,2.3917304906544314e-06,0.056515045122835936,0.00014517956023800827,61440.0,0.002002936787903309,4.597804581862874e-05,0.00018578658637125045,0.00021451126667670906,0.002701476216316223,0.00010334240505471826,0.0002462555421516299,0.0003409501805435866
/home/j/Isaac_RL_Projects/quadcopter_waypoint/logs/rl_games/p7_bc_ppo/seed42/nn/last_p7_bc_ppo_ep_20_rew_48.07611.pth,169d54a620a38ccd51e98fabb93e03acd10bff16ccbc9df34e2ebfca8d96cb75,c646e7f0bbb39dbde1c3fe35d726244114ec07d1498a083722bc3f0bab626f1c,42,20,48.07611,periodic,51901,0.0015663239173591137,0.0018256731564179063,0.7878271770989679,0.0845467526793857,0.013889481531309134,8.768986236753525e-06,0.11133858019034687,0.0005634672472182863,122880.0,0.005075969733297825,0.0003484739572741091,0.00038171239430084825,0.00045913964277133346,0.005839474964886904,0.00048774469178169966,0.0004398410674184561,0.0005356327164918184
/home/j/Isaac_RL_Projects/quadcopter_waypoint/logs/rl_games/p7_bc_ppo/seed42/nn/last_p7_bc_ppo_ep_30_rew_27.889214.pth,79f7a14e5504c308a5802ca210a4a17f324c5dd46aef1145a2d0b36c1dd56cbc,4aba817e502afa6203df2edbabd4204c7650a3837fa140a247850e909709b52d,42,30,27.889214,periodic,51901,0.0026772820856422186,0.002923679305240512,0.7845189663165818,0.08419172750767277,0.022524967501431868,2.3062461860934626e-05,0.16576866812023497,0.001249056878652573,184320.0,0.009184291586279869,0.0002715144364628941,0.00048532645450904965,0.0007679955451749265,0.01006531435996294,0.0003417461412027478,0.000541292130947113,0.0007463645888492465
/home/j/Isaac_RL_Projects/quadcopter_waypoint/logs/rl_games/p7_bc_ppo/seed42/nn/last_p7_bc_ppo_ep_40_rew_15.275474.pth,7b469c293278125a7b6b73d9f7cf61ee24fe680cc9455cfaf01a99ce057ca33d,92e9f37b966fb9a08d305a74fd0e0782e702572d9e0da03cc21d92cc7675b110,42,40,15.275474,periodic,51901,0.0025641394313424826,0.002820525085553527,0.7600424828076228,0.08156500015191787,0.031395794793634184,4.4804360487453974e-05,0.2191525214304048,0.0021830830749683654,245760.0,0.008330545388162136,0.00020193736418150365,0.0006017880514264107,0.0011222875909879804,0.00921574141830206,0.00025744320009835064,0.000708158069755882,0.0011007589055225253
/home/j/Isaac_RL_Projects/quadcopter_waypoint/logs/rl_games/p7_bc_ppo/seed42/nn/last_p7_bc_ppo_ep_50_rew_41.596806.pth,6de29baa58143aa2a33e94b3d8dd98cca116da1c75890ec3308282c51309377c,b43be0897f2acfa693480449f6866a2f35eb2f181c10041c6338a1fdd6730a40,42,50,41.596806,periodic,51901,0.0032482733950018883,0.0034801531583070755,0.7716524646847935,0.08281094126046888,0.04033849726282924,7.396338006469464e-05,0.27064614757660294,0.003329515327184379,307200.0,0.010524561628699303,0.0005888125742785633,0.0005027345032431185,0.0013769835932180285,0.011489511467516422,0.000437979178968817,0.0005867493455298245,0.0014063712442293763
/home/j/Isaac_RL_Projects/quadcopter_waypoint/logs/rl_games/p7_bc_ppo/seed42/nn/last_p7_bc_ppo_ep_60_rew_32.063698.pth,1babe9cd6632c24f871c5b74f42a80c7e49647ce8d194e8fbbada3e3e03617f3,6ce3de67191d6de3e7a09bd5e534aa2efbac8a1784987adba0ac4f79ba0daca5,42,60,32.063698,periodic,51901,0.00327482121065259,0.0035299649462103844,0.7965646565073691,0.08548442725073464,0.04814085418680918,0.00010534281099252832,0.31363636964937514,0.0044712623803108845,368640.0,0.01069563627243042,0.0007077969494275749,0.00035999840474687517,0.0013358533615246415,0.011747296899557114,0.0005664937780238688,0.00041656565736047924,0.0013895014999434352
/home/j/Isaac_RL_Projects/quadcopter_waypoint/logs/rl_games/p7_bc_ppo/seed42/nn/last_p7_bc_ppo_ep_70_rew_54.25737.pth,1b28184da413c0c700660e36873cad8911ef52b06f84d9da60ff875f862d77b3,1721bf378e9fe945baf491cf876f0830f6a0071b8ee3792b62784aee1126bd6b,42,70,54.25737,periodic,51901,0.003285756101831794,0.003507929155603051,0.8036119310961818,0.08624071517661971,0.054076763657225635,0.00013292256216542903,0.36178697792110426,0.005949537154240254,430080.0,0.01083012018352747,0.0006513167172670364,0.00047872771392576396,0.0011828598799183965,0.011678801849484444,0.0005318481125868857,0.00050989945884794,0.0013111657463014126
/home/j/Isaac_RL_Projects/quadcopter_waypoint/logs/rl_games/p7_bc_ppo/seed42/nn/last_p7_bc_ppo_ep_80_rew_57.777935.pth,d02ff0b7f3972d044c2185fbfc058cf2963390e8fb624399ebe9c0ac905124b6,ab43b65df19a85823611eefaa74550217022ab0cd6d945b19dd2505ee807310f,42,80,57.777935,periodic,51901,0.0020840924698859453,0.002279608277603984,0.804221757977702,0.0863061595837535,0.06032378376991898,0.00016540722219636098,0.4122365491436932,0.007724498747722752,491520.0,0.006218557711690664,0.0005159373395144939,0.000378989934688434,0.0012228857958689332,0.007016721181571484,0.0004120010125916451,0.0004179740499239415,0.0012717376230284572
/home/j/Isaac_RL_Projects/quadcopter_waypoint/logs/rl_games/p7_bc_ppo/seed42/nn/last_p7_bc_ppo_ep_90_rew_51.241894.pth,7c17a62bb276c0cbc856b4d40237713b3958cae3a058f60d9d2072bc9d54b543,298de311aa51b3e72e5b369f8fcbe1fbdeb745d2349298b6a1034e6ae6a7448c,42,90,51.241894,periodic,51901,0.002777994144707918,0.003129294142127037,0.77458448518917,0.08312559505719017,0.06506912910851492,0.0001924541619518447,0.46110111168370216,0.009664283417997547,552960.0,0.008734280243515968,0.0005444143316708505,0.0003999322361778468,0.0014333497965708375,0.010048850439488888,0.00046842932351864874,0.00044226780300959945,0.001557628740556538
/home/j/Isaac_RL_Projects/quadcopter_waypoint/logs/rl_games/p7_bc_ppo/seed42/nn/last_p7_bc_ppo_ep_100_rew_53.716045.pth,8ac43266662e71d4ad516ba651253ff7226ccb3959aa30346bdc2746f7e5bdba,76cfcc67737c75c09ffc8a0271d28a9d334ba15c1b3fda9446e54fb825809f98,42,100,53.716045,periodic,51901,0.0032256420236080885,0.0035458740312606096,0.7635465609022258,0.08194104509254124,0.06994150331198558,0.0002223551766154768,0.5114924436314812,0.011892023631459268,614400.0,0.010227015241980553,0.0005512123461812735,0.00041524102562107146,0.0017090995097532868,0.011442975141108036,0.0004924089880660176,0.000484328658785671,0.001763783860951662
/home/j/Isaac_RL_Projects/quadcopter_waypoint/logs/rl_games/p7_bc_ppo/seed42/nn/last_p7_bc_ppo_ep_110_rew_44.38158.pth,92c8c3d564fb114f60f37ab41aa4fd783eb5c30b7d1088724e873e17e552597a,a72858475740da1013345ca500b7455401bd09da0d529ad3673932e5622582f2,42,110,44.38158,periodic,51901,0.0028984255623072386,0.003173266304656863,0.7615155666770551,0.08172308616520253,0.0759294232045283,0.00026205805946238013,0.562477675188963,0.014380960685726389,675840.0,0.008209418505430222,0.001125538838095963,0.0004818052693735808,0.0017769387923181057,0.009357535280287266,0.0009837752440944314,0.0005390425794757903,0.0018127118237316608
/home/j/Isaac_RL_Projects/quadcopter_waypoint/logs/rl_games/p7_bc_ppo/seed42/nn/last_p7_bc_ppo_ep_120_rew_48.041595.pth,38b295fa62e397aa165cc49fb2492cf78f8c21bbff122502c55a1cc527a5247e,ffd700552f1e775310802410199df15add1d2dd3ffc43fbcb27dcecbcc097b94,42,120,48.041595,periodic,51901,0.004548817873001099,0.004850654397159815,0.7641231839427165,0.08200292618399217,0.08047122325055663,0.00029434626233822386,0.6101365188971413,0.01692120780417826,737280.0,0.013253182172775269,0.0014270748943090439,0.0006552875856868923,0.00285972747951746,0.014559327624738216,0.0012032579397782683,0.0007257311954163015,0.0029142997227609158
/home/j/Isaac_RL_Projects/quadcopter_waypoint/logs/rl_games/p7_bc_ppo/seed42/nn/last_p7_bc_ppo_ep_130_rew_59.484844.pth,7259677f278c305665e4fa4cf8bd45bc346a9f6d57f864a1e7667ec92f565edf,a7a93f88cd692cee6900daef2a5f45efdefd298775a83b1fe8a63fd0afb55010,42,130,59.484844,periodic,51901,0.005518869962543249,0.005745443049818277,0.7796083758617647,0.08366474076646643,0.0840517607184998,0.0003211226581763613,0.6604912832711377,0.019829487967143376,798720.0,0.014593148604035378,0.0024695973843336105,0.0011493824422359467,0.0038633523508906364,0.015761153772473335,0.0020924576092511415,0.0012252763845026493,0.0039028842002153397
/home/j/Isaac_RL_Projects/quadcopter_waypoint/logs/rl_games/p7_bc_ppo/seed42/nn/p7_bc_ppo.pth,2ddfa75d766a08c3fb7fd3e4104681c7a26a19b83d0694357e5d055d6a2e66e3,a7a93f88cd692cee6900daef2a5f45efdefd298775a83b1fe8a63fd0afb55010,42,130,59.48484420776367,reward_selected,51901,0.005518869962543249,0.005745443049818277,0.7796083758617647,0.08366474076646643,0.0840517607184998,0.0003211226581763613,0.6604912832711377,0.019829487967143376,798720.0,0.014593148604035378,0.0024695973843336105,0.0011493824422359467,0.0038633523508906364,0.015761153772473335,0.0020924576092511415,0.0012252763845026493,0.0039028842002153397
/home/j/Isaac_RL_Projects/quadcopter_waypoint/logs/rl_games/p7_bc_ppo/seed42/nn/last_p7_bc_ppo_ep_140_rew_28.97748.pth,e856efa44ca8995be9cbc6885d4a91cb35ff6fabc5e68724476f0671bbb04355,4addee0978e772823b1af5b79dacd35d101775a7c0ef269380cb926b7ab850a0,42,140,28.97748,periodic,51901,0.008582075126469135,0.00892308633774519,0.7684971325438664,0.08247232246957793,0.08586886228725733,0.00033515734138672563,0.7110029673834918,0.02297841907400594,860160.0,0.024295000359416008,0.0035849290434271097,0.001107579912059009,0.005340791307389736,0.025996815413236618,0.003101459937170148,0.0011847394052892923,0.005409331060945988
/home/j/Isaac_RL_Projects/quadcopter_waypoint/logs/rl_games/p7_bc_ppo/seed42/nn/last_p7_bc_ppo_ep_150_rew_14.852964.pth,484b66057b4c8293debe4fb69c60fe5c51eab74d851c1bfcef397e7f8d123fc5,0292d85aec8643f8421e2d566f5e9006f28a3239dd96f9d2f251147017b05dd9,42,150,14.852964,periodic,51901,0.00959115382283926,0.009951680898666382,0.7527739461369684,0.08078496718263421,0.0869650792152018,0.0003437693183139238,0.7611844140592174,0.026336441463939732,921600.0,0.027051186189055443,0.0045464299619197845,0.001338687026873231,0.005428311415016651,0.028855325654149055,0.003984580747783184,0.0014189918292686343,0.005547830834984779
/home/j/Isaac_RL_Projects/quadcopter_waypoint/logs/rl_games/p7_bc_ppo/seed42/nn/last_p7_bc_ppo_ep_160_rew_-0.5059957.pth,6e04b1c1cd27769fdc04dd08b8ff8becb8ec55febfc8de38485423af0f59ceb2,2ccd8c4157332ab3e99fddb6cdf8ea17a41236366a1ed2731480cc31ff1e06b3,42,160,-0.5059957,periodic,51901,0.011471349745988846,0.011842215433716774,0.7383873451234954,0.07924104938804626,0.08930758096905292,0.00036253836447927015,0.811195441663247,0.029910820207965018,983040.0,0.03321167454123497,0.004388856701552868,0.002331674797460437,0.005953195504844189,0.034951698035001755,0.003847074694931507,0.0025205949787050486,0.00604949239641428
/home/j/Isaac_RL_Projects/quadcopter_waypoint/logs/rl_games/p7_bc_ppo/seed42/nn/last_p7_bc_ppo_ep_170_rew_-2.2846417.pth,14aa567bb0d746e3f3f0034ac496af68958953e07d81a298a55592eed2f572fd,48aa9a6164389a00f25a45b424b080ac6e86127b1ce7f0edebc471cf3cb40891,42,170,-2.2846417,periodic,51901,0.013438704423606396,0.013876784592866898,0.7366358241707834,0.07905308251776513,0.09357849908401199,0.0003980425223098379,0.8628891308496297,0.03384443873356497,1044480.0,0.03755386173725128,0.006136682815849781,0.0027670569252222776,0.007297209929674864,0.03961722180247307,0.005488239228725433,0.003025677753612399,0.007375999353826046
/home/j/Isaac_RL_Projects/quadcopter_waypoint/logs/rl_games/p7_bc_ppo/seed42/nn/last_p7_bc_ppo_ep_180_rew_9.26177.pth,e590e50d8bf152a2350a72d332414a7b458fa32a3c6a04bd845e42879b19a1bb,d40202502811b958164d073803693849f55a2d3b0d1a81e282256d810b113627,42,180,9.26177,periodic,51901,0.014764498919248581,0.015160031616687775,0.7390884825684342,0.0793162929133709,0.09721088357927882,0.000429543449375641,0.9145005338451879,0.0380141466546879,1105920.0,0.0419660247862339,0.00647688889876008,0.002569782780483365,0.008045298047363758,0.04391038417816162,0.005833159200847149,0.002784443786367774,0.008112139999866486
/home/j/Isaac_RL_Projects/quadcopter_waypoint/logs/rl_games/p7_bc_ppo/seed42/nn/last_p7_bc_ppo_ep_190_rew_21.397533.pth,8b548185b531c336a57bc28093dcc1263549271aadc77dfac2f26bfc51d62cbb,a7aa4f7493993e57eba1e16b0add8d410a1f97f21db151271a29ceebc5202fce,42,190,21.397533,periodic,51901,0.013187585398554802,0.013560841791331768,0.7469731518482398,0.08016244699758668,0.09995524921023527,0.0004541387202127381,0.9655065963823906,0.04237286307535947,1167360.0,0.03655767813324928,0.0056966557167470455,0.0026203228626400232,0.007875682786107063,0.038458310067653656,0.005132177844643593,0.002810689387843013,0.007842185907065868
/home/j/Isaac_RL_Projects/quadcopter_waypoint/logs/rl_games/p7_bc_ppo/seed42/nn/last_p7_bc_ppo_ep_200_rew_26.371855.pth,3f28543eacdc38daf07b78b230cf5f8879dd5bdc0a4e70e804d6cc5c9208496f,e6ec095bcfd12ccca227cc378d7c6d5a34196608abe01d2f88cbbf1a5502579b,42,200,26.371855,periodic,51901,0.014235824346542358,0.014530803076922894,0.7588725010726316,0.08143944195938134,0.10215800354779753,0.0004743753494941733,1.0160696081345162,0.04692715675339225,1228800.0,0.03856253623962402,0.005925038363784552,0.002905027475208044,0.009550690650939941,0.040107835084199905,0.0053800600580871105,0.0030270121060311794,0.009608299471437931
/home/j/Isaac_RL_Projects/quadcopter_waypoint/logs/rl_games/p7_bc_ppo/seed43/nn/last_p7_bc_ppo_ep_10_rew_54.10159.pth,d1c94b152d9ef24d4a5631e8e34bcb117437416b06e9ff15b88cf3df248ce192,317c1054c5830684d5f28e2d8a89f06b561bddfa78fa63c4ad91270b0d0c0784,43,10,54.10159,periodic,51901,0.0006497383001260459,0.0008982374565675855,0.4963203446057008,0.05326329764307472,0.0067518752794789505,2.07217362680177e-06,0.055874947039990436,0.00014190953212371528,61440.0,0.0015836082166060805,0.00024756925995461643,0.00019526787218637764,0.0005725078517571092,0.0024434931110590696,0.00019161814998369664,0.000263727706624195,0.0006941105821169913
/home/j/Isaac_RL_Projects/quadcopter_waypoint/logs/rl_games/p7_bc_ppo/seed43/nn/last_p7_bc_ppo_ep_20_rew_60.044315.pth,36904ed62d1d849fe542678cde8463f9b514f1d2a9b33dcfd479909ce657c424,e1bee4d8890e47cbea7f48b11801d32bab2948116976decd363afe82a9cdea1a,43,20,60.044315,periodic,51901,0.0012166273081675172,0.0014318162575364113,0.6807188893960143,0.07305228006715628,0.012368191217350073,6.953279726769796e-06,0.11074471333127894,0.000557472342310325,122880.0,0.003079530317336321,0.0002794275642372668,0.00026503120898269117,0.0012425207532942295,0.003799039637669921,0.00025452105910517275,0.0003408960474189371,0.0013328082859516144
/home/j/Isaac_RL_Projects/quadcopter_waypoint/logs/rl_games/p7_bc_ppo/seed43/nn/p7_bc_ppo.pth,02e3126b6cdba1340a1dbd0945b0762bb4b9921f7b00fb1a139f6e433507391d,34300070b14668d2bb92083e6721bc4c967eaedc3b898dd4ee26bd2d03e7cbd6,43,21,60.90217971801758,reward_selected,51901,0.001368217053823173,0.001602521981112659,0.7079838000389899,0.07597825130039748,0.012830053765559644,7.4822854375977816e-06,0.11617425884682028,0.0006134753826640001,129024.0,0.0037466557696461678,0.00028991777799092233,0.00030376826180145144,0.0011325259692966938,0.004522419068962336,0.00026513627381064,0.0003929769154638052,0.0012295549968257546
/home/j/Isaac_RL_Projects/quadcopter_waypoint/logs/rl_games/p7_bc_ppo/seed43/nn/last_p7_bc_ppo_ep_30_rew_41.7641.pth,abb5ee2dc3336ebc6e88da5e10641af42d0da56a0de244e29a8621ec1cc8a0e2,4208b731608197964e188e59bfa6db68828d972010cf2280b6cf395a6450769a,43,30,41.7641,periodic,51901,0.0016775843687355518,0.0019166884012520313,0.7958983085039913,0.08541291720198584,0.018473708746986714,1.5512632494022428e-05,0.16500332499918374,0.0012375498754902841,184320.0,0.0036744417157024145,0.0005130065255798399,0.0004290497745387256,0.0020938401576131582,0.004451090004295111,0.0004484244855120778,0.0005328439292497933,0.0022343951277434826
/home/j/Isaac_RL_Projects/quadcopter_waypoint/logs/rl_games/p7_bc_ppo/seed43/nn/last_p7_bc_ppo_ep_40_rew_46.453037.pth,0383cca09389b8e8f025d6231ff9b9e9d1ad0eeead5136796cf681eccdebc51e,9f47a96e2304f4eef8182bf2b27f8384678a1df1c85a753bdb51b42c565be6e4,43,40,46.453037,periodic,51901,0.0018925186013802886,0.0022044384386390448,0.8189705672464688,0.08788894825341272,0.024315409988154943,2.687450740418478e-05,0.21973838424965267,0.0021947707960294546,245760.0,0.003818258410319686,0.001041299314238131,0.0003051522362511605,0.0024053642991930246,0.004901612643152475,0.001015324960462749,0.00037452089600265026,0.0025262958370149136
/home/j/Isaac_RL_Projects/quadcopter_waypoint/logs/rl_games/p7_bc_ppo/seed43/nn/last_p7_bc_ppo_ep_50_rew_42.54737.pth,3f65066b998228566261bb1d21c476782918cd1e0cb1b75bb4fa6f17017f4d6b,5ad0aac4f7dead5e864633b09eab6191491361614d86a488fb4c8147323f8713,43,50,42.54737,periodic,51901,0.002530232537537813,0.002851150929927826,0.7736280905058466,0.08302295825167583,0.029445914932291883,3.9411904827262275e-05,0.2741737098346874,0.0034168737802052446,307200.0,0.005951084662228823,0.001025347039103508,0.0006547666271217167,0.00248973211273551,0.00700967013835907,0.0010411167750135064,0.0007533004391007125,0.0026005159597843885
/home/j/Isaac_RL_Projects/quadcopter_waypoint/logs/rl_games/p7_bc_ppo/seed43/nn/last_p7_bc_ppo_ep_60_rew_43.022972.pth,a57bbdbc76460d2e87823d5f81a72bf318d6ce96b521ae784fd02c88a38ae1eb,ed8375170f8fcba34e7648cdef88fb414dc60f0493019eaa1f88a8008e9a9274,43,60,43.022972,periodic,51901,0.0024462807923555374,0.0027127310167998075,0.7543857587446721,0.08095794106049768,0.03454556949876268,5.4245289636083746e-05,0.32785871570504405,0.004885969884716405,368640.0,0.005526666529476643,0.0012360975379124284,0.00032095913775265217,0.0027014007791876793,0.006480111740529537,0.0011246417416259646,0.00040612861630506814,0.002840043045580387
/home/j/Isaac_RL_Projects/quadcopter_waypoint/logs/rl_games/p7_bc_ppo/seed43/nn/last_p7_bc_ppo_ep_70_rew_46.811226.pth,ffbe5a2087f7b5cb666a201540d82a457abb746f4bac51a5d2db94f5340ebfaa,99b063ecf288dd554d2b5c07abc4bfc0db4648c2e4424f04d72ec8d100ec8e62,43,70,46.811226,periodic,51901,0.0031359305139631033,0.0034109957050532103,0.7646448054700014,0.08205890471271214,0.03894414318428946,6.893846765265633e-05,0.38066042744499845,0.006586470955573134,430080.0,0.0061527458019554615,0.0016770379152148962,0.00036934923264198005,0.004344587214291096,0.0071763391606509686,0.001524207997135818,0.00046635244507342577,0.004477082751691341
/home/j/Isaac_RL_Projects/quadcopter_waypoint/logs/rl_games/p7_bc_ppo/seed43/nn/last_p7_bc_ppo_ep_80_rew_48.77746.pth,3012e8b65da6bdac14c66f7448ed9a6486c80b31627eb74889ebebf3291eb67c,7882db1012719f526cbb6a959f38b755e82284857673b4ba1e5f20c03e48ab4b,43,80,48.77746,periodic,51901,0.003659017151221633,0.0040092202834784985,0.7607696257683568,0.08164303449479256,0.042905681504669044,8.367715933545904e-05,0.4325240069952008,0.008503500755781114,491520.0,0.007554402109235525,0.0014813626185059547,0.0007599702221341431,0.004840333946049213,0.00882227998226881,0.0013288055779412389,0.0008735935552977026,0.005012201610952616
/home/j/Isaac_RL_Projects/quadcopter_waypoint/logs/rl_games/p7_bc_ppo/seed43/nn/last_p7_bc_ppo_ep_90_rew_53.840744.pth,3a83ffd6e2aa88a9b51713a3b17688cd61bebbc8e76f2c49b1746d4824b14af4,fe7fac88d16300faf6b410eb0d356e07ff84a1dc930d0da7aa7a6927c4b35591,43,90,53.840744,periodic,51901,0.0038719982840120792,0.0041196309030056,0.7650335037171131,0.08210061839754144,0.04573317664378546,9.50692475423493e-05,0.48394944939830264,0.010645775889678197,552960.0,0.00843599159270525,0.0029042570386081934,0.0006369881448335946,0.003510757815092802,0.009562776423990726,0.002536980202421546,0.0007148830336518586,0.0036638854071497917
/home/j/Isaac_RL_Projects/quadcopter_waypoint/logs/rl_games/p7_bc_ppo/seed43/nn/last_p7_bc_ppo_ep_100_rew_40.344368.pth,137d77b7d555b3a680a533f7fc88827ed8c29a6dab2e07a4c6d7aa8c163ed3b1,0fc569a08f38c37b53b7182c55ebbbf52c0d9fa55d0a4a57ed17a2377c4a5341,43,100,40.344368,periodic,51901,0.0046763308346271515,0.005063895136117935,0.741529101067774,0.07957821123079714,0.04651837381528045,9.836177738264407e-05,0.5360478969498246,0.013061243082924083,614400.0,0.009688453748822212,0.0026101169642060995,0.00047990179155021906,0.005926852114498615,0.011203012429177761,0.002283003879711032,0.0005591626395471394,0.0062104021199047565
/home/j/Isaac_RL_Projects/quadcopter_waypoint/logs/rl_games/p7_bc_ppo/seed43/nn/last_p7_bc_ppo_ep_110_rew_27.993683.pth,d330b439b5d77435258d5c600e9ed03f6096b68fae2b00692be58ab72569a842,0b88a5cc2b022e143c7ff59af66255aa7f6acf593668ef235ba184cbfd4aef15,43,110,27.993683,periodic,51901,0.005233134143054485,0.00558863952755928,0.7032097344644558,0.07546591591373107,0.04405103067492054,8.820424106921775e-05,0.5902663685492813,0.015837017538198,675840.0,0.011315337382256985,0.0020688266959041357,0.0008922094712033868,0.006656162906438112,0.01275393646210432,0.0017772550927475095,0.000907164765521884,0.006916200276464224
/home/j/Isaac_RL_Projects/quadcopter_waypoint/logs/rl_games/p7_bc_ppo/seed43/nn/last_p7_bc_ppo_ep_120_rew_49.48445.pth,b56d38a891f43112509e2fee2bcd0a7cfcd142cf0ea3d0c4946457ab7c9ced08,629fc6512bdd21371eac2eec6414c47cdb901524f4713e58ef053e1654d4f972,43,120,49.48445,periodic,51901,0.005246568471193314,0.005610997788608074,0.7148712986532169,0.07671739264870808,0.04500778641130653,9.20773108020813e-05,0.645176821668681,0.018920596873568226,737280.0,0.011253179050981998,0.0029217195697128773,0.0007369880331680179,0.006074388045817614,0.012810137122869492,0.0025485593359917402,0.0007468335097655654,0.006338462233543396
/home/j/Isaac_RL_Projects/quadcopter_waypoint/logs/rl_games/p7_bc_ppo/seed43/nn/last_p7_bc_ppo_ep_130_rew_35.671448.pth,1400ef868892c9a62fc2b54c40fb6d9263a86a51a7326d66967696dccc0e0b20,d7e78509aee582290b37dac4ecad60b2ec1470adebee996d1ebb10003baed85e,43,130,35.671448,periodic,51901,0.006213268730789423,0.006602087989449501,0.7317636273074228,0.07853021603741765,0.04609255567070426,9.656925855713507e-05,0.7056983078585142,0.022636822805198648,798720.0,0.013855301775038242,0.003000050550326705,0.00038586591836065054,0.007611855398863554,0.015457426197826862,0.0026397258043289185,0.0004073967575095594,0.007903801277279854
/home/j/Isaac_RL_Projects/quadcopter_waypoint/logs/rl_games/p7_bc_ppo/seed43/nn/last_p7_bc_ppo_ep_140_rew_33.371517.pth,824171dbf9563cc0c4a54434c70d0fe55148495c6fc41b4a5e9cb51130d28214,f4501eb50ba7aa94842dab5c3ba5d4150ae5d36660d9e652784ef34c379ceaf0,43,140,33.371517,periodic,51901,0.006794340442866087,0.0071679153479635715,0.7245935868748801,0.07776075332684752,0.04827541126268344,0.0001059325151173283,0.7747967456772629,0.02728681805054897,860160.0,0.016146855428814888,0.0031628531869500875,0.0003467179776635021,0.007520936895161867,0.017704755067825317,0.0027832714840769768,0.000378867523977533,0.007804767228662968
/home/j/Isaac_RL_Projects/quadcopter_waypoint/logs/rl_games/p7_bc_ppo/seed43/nn/last_p7_bc_ppo_ep_150_rew_29.96936.pth,674f808df43160be25241dfea4147ca983655864b84236852532a81fb7731f71,a5580d99a1755e67a3dc69b42f3a85a2cace36d33eca815ebdd2d0d94092b76f,43,150,29.96936,periodic,51901,0.007120524067431688,0.007475103717297316,0.715620450549303,0.07679778891062801,0.0514195966292225,0.00012018067806872497,0.8424335618769535,0.03225883209894049,921600.0,0.01728835515677929,0.00348734762519598,0.00029973775963298976,0.007406653370708227,0.018825504928827286,0.00306056160479784,0.0003382150025572628,0.00767613435164094
/home/j/Isaac_RL_Projects/quadcopter_waypoint/logs/rl_games/p7_bc_ppo/seed43/nn/last_p7_bc_ppo_ep_160_rew_30.98245.pth,a017475066290a620ac867acbc9967c5f40e1226829f5a22a943a2c0e281ac5b,d8bf7a26ba2ccdae3b3e4a9c2b1337ae5419038d894389acf5646f1987e2716a,43,160,30.98245,periodic,51901,0.007049639709293842,0.007426857948303223,0.7157280896133813,0.07680934034423402,0.054858340103344456,0.00013679261267700955,0.9140626409595294,0.0379777505271777,983040.0,0.01758161187171936,0.003215674078091979,0.0005324415978975594,0.006868832278996706,0.019261721521615982,0.002833588281646371,0.0005189734511077404,0.007093151565641165
/home/j/Isaac_RL_Projects/quadcopter_waypoint/logs/rl_games/p7_bc_ppo/seed43/nn/last_p7_bc_ppo_ep_170_rew_39.72965.pth,7c74b6bf178c0712e0c3caf5487f0f0448d14a7437286520a0ec398a27a63e6f,78ad0f91edab9338bbb32000a52c2bdc0fe7f30a194103d79d1482d1ba76c7b3,43,170,39.72965,periodic,51901,0.0091524887830019,0.009655178524553776,0.7274995958680871,0.07807261566261699,0.058528944726631116,0.0001557107895824109,0.9808206625401694,0.043727689639351676,1044480.0,0.024608338251709938,0.0033940444700419903,0.0005027095903642476,0.008104857057332993,0.02665528655052185,0.0030759209766983986,0.0005148776690475643,0.008374633267521858
/home/j/Isaac_RL_Projects/quadcopter_waypoint/logs/rl_games/p7_bc_ppo/seed43/nn/last_p7_bc_ppo_ep_180_rew_34.978893.pth,81f7715d551160af1e0f6675813e840c3b9b54c9c1d112c2cb86febdf504797b,9b05afebfcaeea3e1c29be44f8e6a2fa1d762fc524b8ddb69bd4858a1e2dfe72,43,180,34.978893,periodic,51901,0.010450509376823902,0.011062762700021267,0.7379523457011795,0.07919436682917637,0.06258647094215115,0.00017804847022694228,1.0547772227914656,0.0505706813508944,1105920.0,0.02831036038696766,0.0034413072280585766,0.0005652221152558923,0.009485146962106228,0.030732961371541023,0.0031299206893891096,0.0006128230015747249,0.009775346145033836
/home/j/Isaac_RL_Projects/quadcopter_waypoint/logs/rl_games/p7_bc_ppo/seed43/nn/last_p7_bc_ppo_ep_190_rew_13.735205.pth,8a3d4ae62401f0816af06311c1f0361b55b06bfbc2c40bca5f4336b4bf1665e7,dba77c255bf223d66639e1197735d124d5fd566b520a7f6f795a1ee57d267f83,43,190,13.735205,periodic,51901,0.010895004495978355,0.011527196504175663,0.738209426372243,0.07922195579354174,0.06949004562334658,0.00021949392912430868,1.1614992287206884,0.06132183901448884,1167360.0,0.029530227184295654,0.0032581649720668793,0.0005411099409684539,0.01025051437318325,0.03206661716103554,0.0029651434160768986,0.0005865141283720732,0.010490508750081062
/home/j/Isaac_RL_Projects/quadcopter_waypoint/logs/rl_games/p7_bc_ppo/seed43/nn/last_p7_bc_ppo_ep_200_rew_12.883114.pth,fc38cb089748d83c53fbc26d0a2b875e2e14a816e3cba707b30b666b3c7c09c9,183ca4c623b32de112f560d36be812bb68ef46201df57a12242093f8cbb602dd,43,200,12.883114,periodic,51901,0.011658641509711742,0.01226229127496481,0.7476980993685276,0.08024024573376255,0.07646172341958762,0.0002657452340133416,1.2662549803297036,0.0728818943277172,1228800.0,0.031127260997891426,0.0036580204032361507,0.0005688376259058714,0.011280450038611889,0.033552385866642,0.003403546754270792,0.0006125136860646307,0.011480718851089478
/home/j/Isaac_RL_Projects/quadcopter_waypoint/logs/rl_games/p7_bc_ppo/seed44/nn/last_p7_bc_ppo_ep_10_rew_43.496197.pth,1b51b05a621e3137d72c37071a1b841ad9b6206c30c526591fc2de4dcf64cd49,485c77caadc77ca54c44222f89f1d71b847d752fa5606a12abade45645fb96bc,44,10,43.496197,periodic,51901,0.0009177738102152944,0.0009724260889925063,0.40526205380956976,0.04349125243425482,0.008121555034877154,2.998166190206294e-06,0.055931622262157914,0.00014219756222166904,61440.0,0.0030331823509186506,0.00023597902327310294,0.00012293053441680968,0.0002790030266623944,0.0032019219361245632,0.0002412087342236191,0.0001382430928060785,0.00030833049095235765
/home/j/Isaac_RL_Projects/quadcopter_waypoint/logs/rl_games/p7_bc_ppo/seed44/nn/last_p7_bc_ppo_ep_20_rew_35.246754.pth,e16b351ce92a6cd81ed2943b022664f68d411a79e2c46e7c8c15913279a2b5ec,79467290cd5bb2cef7ced02d1a42ea6ecef18c8b9fa3b4d2a9879dd4522e1ab2,44,20,35.246754,periodic,51901,0.0023224125616252422,0.0023558507673442364,0.6822816562405201,0.07321999053175907,0.014244976952675105,9.223607653738406e-06,0.10854123521781352,0.0005355090792094874,122880.0,0.007843532599508762,0.0005824504187330604,0.00034114866866730154,0.0005225189961493015,0.007839168421924114,0.0007135452469810843,0.0003389660851098597,0.00053172413026914
/home/j/Isaac_RL_Projects/quadcopter_waypoint/logs/rl_games/p7_bc_ppo/seed44/nn/last_p7_bc_ppo_ep_30_rew_42.27001.pth,1118894583ff9828cd4e61ee7c09d319d203d8f45b823a13934033ce070862c3,01c23d91ab8bfa081f42c6d265a9e50d483e11225967f520a437c4bd52808f81,44,30,42.27001,periodic,51901,0.0033855848014354706,0.0032201504800468683,0.7938816853688347,0.08519650052785757,0.02086988135593626,1.979781580958436e-05,0.15939314644557787,0.0011548261424464289,184320.0,0.01105527300387621,0.000992478453554213,0.0007929995772428811,0.0007015903829596937,0.010552527382969856,0.0009141051559709013,0.0006909845978952944,0.0007229848415590823
/home/j/Isaac_RL_Projects/quadcopter_waypoint/logs/rl_games/p7_bc_ppo/seed44/nn/last_p7_bc_ppo_ep_40_rew_33.60306.pth,5b1394405ba9d25e0c342eb7bdc65737441237c15537203e1773df24abd3cf2e,68daddf7d9cca6bc7d1b9df82a24c5f1d4c8c40b22a9c2c7eec75ba5982426cc,44,40,33.60306,periodic,51901,0.004147722851485014,0.004112881608307362,0.8151816048948587,0.08748233056851298,0.026431930275885075,3.1756679004965906e-05,0.20840669936497833,0.0019742432881911117,245760.0,0.01373141910880804,0.0008233230910263956,0.001031658612191677,0.0010044914670288563,0.01372638437896967,0.0007345514604821801,0.0009377759415656328,0.0010528137208893895
/home/j/Isaac_RL_Projects/quadcopter_waypoint/logs/rl_games/p7_bc_ppo/seed44/nn/last_p7_bc_ppo_ep_50_rew_36.68811.pth,78c393ce645d380effca3cbd9b74259b2b9e2655ae5d2b5c0c0189982f4a2308,8c40e31d9f28c371e3416e544ab92ee752ffacf4fdbd937fe725f68ef768800c,44,50,36.68811,periodic,51901,0.003182354150339961,0.0031375994440168142,0.802925694903274,0.08616707079956856,0.0335609397130855,5.119712156478906e-05,0.2565222159748763,0.0029910748767573215,307200.0,0.009455095045268536,0.0009481088491156697,0.001165874069556594,0.0011603385210037231,0.009512791410088539,0.0008412436000071466,0.001045290962792933,0.0011510716285556555
/home/j/Isaac_RL_Projects/quadcopter_waypoint/logs/rl_games/p7_bc_ppo/seed44/nn/last_p7_bc_ppo_ep_60_rew_31.426123.pth,51ffd5d7b6150afaa6b3d42d56144ec5a4154d0dc59f29c91118e801575de9f0,45890a51153e3956f6c9919d209b1681c2ded389388b95ba85fe500da6ed60d9,44,60,31.426123,periodic,51901,0.0040681068785488605,0.004010888747870922,0.7841147897377966,0.08414835274447764,0.04055757087090689,7.476893431584703e-05,0.30369985487873885,0.0041924364478803195,368640.0,0.011866596527397633,0.0019254707731306553,0.0011925947619602084,0.0012877638218924403,0.011998471803963184,0.0016518241027370095,0.0011092686327174306,0.0012839925475418568
/home/j/Isaac_RL_Projects/quadcopter_waypoint/logs/rl_games/p7_bc_ppo/seed44/nn/last_p7_bc_ppo_ep_70_rew_38.774723.pth,edfd012da335a23443589d7751fb3de3625d991226a290332c845cc39a7feb56,3d51b267e7f33b928476e6587a7bd0fcaf18cf7592fdd88202b5f419ae50721d,44,70,38.774723,periodic,51901,0.004814080893993378,0.004654479678720236,0.772151200473744,0.0828644637748305,0.04675069871653841,9.934671956747937e-05,0.35116532268193623,0.0056053219933776535,430080.0,0.013439842499792576,0.0025116214528679848,0.0013967291451990604,0.0019081303616985679,0.013280977495014668,0.0021673638839274645,0.001283509423956275,0.0018860680283978581
/home/j/Isaac_RL_Projects/quadcopter_waypoint/logs/rl_games/p7_bc_ppo/seed44/nn/p7_bc_ppo.pth,14923c4f8ad080f89188fe11fd21895c233ae931269468302180b86ab6baad7a,a8f063dcc2fff450e81eabc40e831bfcc100e10c2b6ecda88b7c47ad64b0009d,44,75,50.08995819091797,reward_selected,51901,0.004933650139719248,0.004767879378050566,0.7737794986017367,0.08303920681888571,0.04945820111729411,0.0001111869844435778,0.3745557696773138,0.00637691020902568,460800.0,0.01314025092869997,0.0028800491709262133,0.0015845483867451549,0.0021297512575984,0.012951664626598358,0.0025426852516829967,0.0014617155538871884,0.0021154521964490414
/home/j/Isaac_RL_Projects/quadcopter_waypoint/logs/rl_games/p7_bc_ppo/seed44/nn/last_p7_bc_ppo_ep_80_rew_41.04757.pth,3138552ef5e8ec853eefdabee25a04b1ab2507c27c9ef602cd16ce66aa69add7,3d6db443de72570cc55c6aa5720ee1cf3d309d784beea57e4e49d59a4cf2e185,44,80,41.04757,periodic,51901,0.004749575164169073,0.004666546825319529,0.7690089536499124,0.08252724925266798,0.051675280609152746,0.0001213788466379399,0.39741954894397563,0.0071791953583105915,491520.0,0.012634670361876488,0.0032119913958013058,0.0013227051822468638,0.0018289353465661407,0.012681037187576294,0.002876186976209283,0.001244047423824668,0.0018649161793291569
/home/j/Isaac_RL_Projects/quadcopter_waypoint/logs/rl_games/p7_bc_ppo/seed44/nn/last_p7_bc_ppo_ep_90_rew_38.338715.pth,ffb69a87eee1d8ed52e698191a71f1fc836c461b5dc167271a73db5aef06db35,ede80d02827559ea189b44075084669ca6524ffd1fcbc25841e7f54a1dc625a8,44,90,38.338715,periodic,51901,0.005725824274122715,0.005672268103808165,0.7536795695800825,0.08088215540295884,0.055627106886321914,0.00014065341002464919,0.4429705749343462,0.008919224102621148,552960.0,0.016266802325844765,0.003782374784350395,0.001376687316223979,0.001477432786487043,0.016505781561136246,0.0034052070695906878,0.0012668374693021178,0.0015112455002963543
/home/j/Isaac_RL_Projects/quadcopter_waypoint/logs/rl_games/p7_bc_ppo/seed44/nn/last_p7_bc_ppo_ep_100_rew_26.950073.pth,05dd3d43c87690ef3df77fe5bcbf5a733a5b015c78621e4b360a3065ccd8c018,729aa8a1965e6f23c525e0990faaaaf91a0eb52b3fb39bd2359581f95e3a74b2,44,100,26.950073,periodic,51901,0.005715616978704929,0.005560426507145166,0.7401897692088514,0.07943447899773438,0.05972838767793742,0.00016215819520936303,0.4892406996247196,0.010879839189512961,614400.0,0.014131078496575356,0.004652663599699736,0.0018072149250656366,0.0022715083323419094,0.014157327823340893,0.004184690769761801,0.0016320509603247046,0.002267636125907302
/home/j/Isaac_RL_Projects/quadcopter_waypoint/logs/rl_games/p7_bc_ppo/seed44/nn/last_p7_bc_ppo_ep_110_rew_25.38372.pth,3ae5ade9dfce6c2b27cc5f386714ba948f89cf4d856816aba1fff477c88c3781,54b0896d4989d6ee8e826f1df1879be9f110476f3b3eb6f357fbb728f1b60bd4,44,110,25.38372,periodic,51901,0.005985653027892113,0.005779688246548176,0.7270031796885997,0.07801934208032231,0.06411220651027208,0.00018683522834617153,0.5365533857918655,0.013085887991123384,675840.0,0.013341506011784077,0.00463443947955966,0.0025375604163855314,0.003429106203839183,0.013293134979903698,0.004134844522923231,0.002312340307980776,0.0033784324768930674
/home/j/Isaac_RL_Projects/quadcopter_waypoint/logs/rl_games/p7_bc_ppo/seed44/nn/last_p7_bc_ppo_ep_120_rew_10.267113.pth,435b5f10cedd344c70d36a83c79374ecbbf94670735560ff2f305dee461f3031,7bdaaba68cd624f8b8ef15c4a8def108a0138dfe3520ceb6de7f77e18813d476,44,120,10.267113,periodic,51901,0.0059978854842484,0.005872537847608328,0.7143216111048521,0.07665840217649099,0.06899439282314808,0.0002163739200470394,0.5865756855473921,0.01563959249433605,737280.0,0.011720677837729454,0.006349127274006605,0.0019329095957800746,0.003988826181739569,0.011982359923422337,0.005759267136454582,0.001767250127159059,0.003981273155659437
/home/j/Isaac_RL_Projects/quadcopter_waypoint/logs/rl_games/p7_bc_ppo/seed44/nn/last_p7_bc_ppo_ep_130_rew_7.127567.pth,517028c622701ef730386465ecba9b9a1c53f8bd217c5420ee7d4bb33671874f,deb5c855fc6b0e3af1b0386dd324f9a7d0b86b47839065333f751b8efb8c529e,44,130,7.127567,periodic,51901,0.0073494380339980125,0.0071816956624388695,0.7065880676683206,0.07582846636915899,0.07355058988041122,0.0002458949668980204,0.6356333390265851,0.018364988258276625,798720.0,0.014421696774661541,0.007515468169003725,0.0021615433506667614,0.005299043841660023,0.014654322527348995,0.006797516718506813,0.001973309786990285,0.005301634315401316
/home/j/Isaac_RL_Projects/quadcopter_waypoint/logs/rl_games/p7_bc_ppo/seed44/nn/last_p7_bc_ppo_ep_140_rew_10.364282.pth,5d0766516ff6be24af95c3d2b6371fb904cbfb3ac71aaf535af7b1c98b2fd73f,6e82075f8a7096ce817bc5102a7d02d2c6ce8cd2575aa10c7a164755d36fd8a6,44,140,10.364282,periodic,51901,0.008480432443320751,0.008323431015014648,0.7143411464628869,0.0766604986401981,0.07884923167864696,0.00028260006074149743,0.6843500567278424,0.021287954551972785,860160.0,0.0166536383330822,0.008887514472007751,0.0022942775394767523,0.006086295936256647,0.01707577146589756,0.008089398965239525,0.0020995717495679855,0.0060289823450148106
/home/j/Isaac_RL_Projects/quadcopter_waypoint/logs/rl_games/p7_bc_ppo/seed44/nn/last_p7_bc_ppo_ep_150_rew_25.607206.pth,5bc682b1b55f838d0a15de06fa04b45ac4bccdbc0c0655e04b5b25e0da98c719,55a4c43859a32699dd5977f520e81e4a42a43f49281865e687872d672cae52d8,44,150,25.607206,periodic,51901,0.008324043825268745,0.008251332677900791,0.728815925382536,0.07821387936757383,0.08536668495107248,0.0003312486772516212,0.7346061692486066,0.024529373813550567,921600.0,0.016018681228160858,0.0072388192638754845,0.0020495643839240074,0.007989106699824333,0.01665293052792549,0.00658814050257206,0.0018947350326925516,0.007869526743888855
/home/j/Isaac_RL_Projects/quadcopter_waypoint/logs/rl_games/p7_bc_ppo/seed44/nn/last_p7_bc_ppo_ep_160_rew_20.827658.pth,1c47b182213d66aed90bbf262699969f20235fcb58283babfbdf825be6529f80,041d0641f266f390bf0da8d5bf4041eaf29e1027b562f977c35dc20668de784b,44,160,20.827658,periodic,51901,0.008643776178359985,0.008691951632499695,0.7448539112840301,0.0799350177934938,0.09232457662702959,0.0003874467022436481,0.785023007377734,0.028011869186926445,983040.0,0.018853267654776573,0.005739144049584866,0.0014119906118139625,0.008570702746510506,0.01987834833562374,0.0051759579218924046,0.0012971729738637805,0.008416327647864819
/home/j/Isaac_RL_Projects/quadcopter_waypoint/logs/rl_games/p7_bc_ppo/seed44/nn/last_p7_bc_ppo_ep_170_rew_33.270332.pth,6d11f2cfc1567814f198ba32d4f0dee0f5d4f606d9a7ef0f547fdfd1c8364b0e,b4b738925463ae5a1b7dbab3deb740c698fbf4988d63d8868afcde47da03d41e,44,170,33.270332,periodic,51901,0.010515286587178707,0.010772518813610077,0.76131489507769,0.08170155081763586,0.09928606524309733,0.00044807830688439,0.8359586158550122,0.03176485488282854,1044480.0,0.026954390108585358,0.004270478151738644,0.0019825799390673637,0.008853697218000889,0.02872321754693985,0.003795002354308963,0.0018592699198052287,0.0087125850841403
/home/j/Isaac_RL_Projects/quadcopter_waypoint/logs/rl_games/p7_bc_ppo/seed44/nn/last_p7_bc_ppo_ep_180_rew_28.900385.pth,fdcc557cd3a7b2ca23cfababbcafb4657c6a57668e761945bd3913187aebf2b9,70d1c8a5dbecf772d8aec3d1ead0a979ea7b8be153980fc8fa7c898dd819f26f,44,180,28.900385,periodic,51901,0.011201691813766956,0.011447676457464695,0.7848391565435684,0.08422608916047977,0.10683237870689762,0.0005187798700079086,0.8880286937791235,0.0358452254988662,1105920.0,0.02879365347325802,0.005994026083499193,0.00181331776548177,0.008205775171518326,0.030647726729512215,0.005435495637357235,0.0016757688717916608,0.008031710051000118
/home/j/Isaac_RL_Projects/quadcopter_waypoint/logs/rl_games/p7_bc_ppo/seed44/nn/last_p7_bc_ppo_ep_190_rew_29.151903.pth,e3147aeaa85b2b3a0a94c0a4413c70b5904d77170c0347e971c1d59befcc01ea,a98c62296197bc0ea86c498c2d138bf327443fb2240fc5ce2ba3d47d36fb5cb9,44,190,29.151903,periodic,51901,0.01263212040066719,0.012861963361501694,0.7961693885564833,0.08544200852914562,0.11390095190610654,0.0005897012202325996,0.9397247227177797,0.04014011611304582,1167360.0,0.033966973423957825,0.00654032314196229,0.001892237225547433,0.00812894944101572,0.03574584424495697,0.005950735416263342,0.0017582308501005173,0.007993046194314957
/home/j/Isaac_RL_Projects/quadcopter_waypoint/logs/rl_games/p7_bc_ppo/seed44/nn/last_p7_bc_ppo_ep_200_rew_34.10256.pth,b036dd2d72190b9507e79f5e64529ee69a004ea9bb38df65689a5ff639783b87,d69370f645ee0db615e30bca5a134f681615655fddf33a3be97d9ca0b1d4b1f5,44,200,34.10256,periodic,51901,0.011664880439639091,0.01201276108622551,0.8236623243367073,0.08839245059234044,0.11969219314032009,0.0006511918681245312,0.9899360219426959,0.04454424216089681,1228800.0,0.03393903002142906,0.004457327537238598,0.0013365033082664013,0.0069266571663320065,0.03595073148608208,0.004009780008345842,0.0012501537567004561,0.006840378511697054
/home/j/Isaac_RL_Projects/quadcopter_waypoint/logs/imitation/p7_bc/bc_init_rlgames.pth,0669022b8b88af22a3ef3a3baebdd1d3c32c26ff0095ef9e2a2498b3e3aa7517,66156a49912f656e29c6bd8bdea0a68018ebac336aa8dbfb9cacfbf3bdccd230,,0,0.0,bc_init,51901,0.0,0.00016654565115459263,0.0,0.0,0.0,0.0,0.0,0.0,0.0,0.0,0.0,0.0,0.0,0.0004478293703868985,6.992661656113341e-05,5.387820419855416e-05,9.454842802369967e-05
